date_visit,prefecture,n_stay,n_people,n_room,amount_fee,n_reserve
2023-10-01,群馬県,1,4,1,108760,1
2023-10-01,埼玉県,2,4,2,112800,2
2023-10-01,東京都,5,12,4,341370,5
2023-10-01,神奈川県,2,4,2,102850,2
2023-10-01,富山県,1,3,1,62670,1
2023-10-01,石川県,2,5,2,138490,2
2023-10-01,福井県,6,68,10,315700,7
2023-10-01,長野県,2,10,4,198350,2
2023-10-01,岐阜県,1,2,1,64800,1
2023-10-01,静岡県,6,84,18,1409550,6
2023-10-01,愛知県,9,26,9,732970,9
2023-10-01,三重県,2,5,2,104200,2
2023-10-01,滋賀県,2,7,3,194300,2
2023-10-01,京都府,1,2,1,34200,1
2023-10-01,大阪府,10,32,10,778220,10
2023-10-01,兵庫県,12,48,11,717240,6
2023-10-01,奈良県,2,2,1,149500,1
2023-10-01,和歌山県,2,4,2,93400,2
2023-10-01,島根県,2,4,2,88200,2
2023-10-01,岡山県,4,12,4,246000,4
2023-10-01,香川県,4,7,4,217064,4
2023-10-01,愛媛県,2,3,2,62200,2
2023-10-01,不明,159,383,71,6575283,145
2023-10-02,北海道,1,2,1,54640,1
2023-10-02,埼玉県,4,4,2,159000,2
2023-10-02,千葉県,1,1,1,51850,1
2023-10-02,東京都,5,10,3,252700,3
2023-10-02,富山県,3,8,3,179250,3
2023-10-02,石川県,1,2,1,55300,1
2023-10-02,福井県,10,29,10,787890,10
2023-10-02,岐阜県,2,4,2,108100,2
2023-10-02,静岡県,1,3,1,63150,1
2023-10-02,愛知県,9,21,8,455650,8
2023-10-02,三重県,2,5,2,136500,2
2023-10-02,滋賀県,2,11,3,245300,2
2023-10-02,大阪府,5,14,5,345850,5
2023-10-02,兵庫県,1,1,1,9000,1
2023-10-02,奈良県,3,6,3,161630,3
2023-10-02,和歌山県,2,6,2,111600,2
2023-10-02,広島県,1,2,1,53100,1
2023-10-02,徳島県,2,4,2,120000,2
2023-10-02,香川県,5,12,6,212000,5
2023-10-02,愛媛県,1,2,1,48000,1
2023-10-02,不明,92,236,58,5073253,68
2023-10-03,埼玉県,1,2,1,42500,1
2023-10-03,千葉県,1,2,1,46500,1
2023-10-03,東京都,1,6,2,72600,1
2023-10-03,神奈川県,2,5,2,149600,2
2023-10-03,新潟県,1,3,1,76700,1
2023-10-03,石川県,1,2,1,36000,1
2023-10-03,福井県,3,17,5,319350,3
2023-10-03,山梨県,1,1,1,43000,1
2023-10-03,岐阜県,2,5,2,98450,2
2023-10-03,静岡県,5,34,9,693150,5
2023-10-03,愛知県,4,12,4,330700,4
2023-10-03,三重県,2,5,3,73000,2
2023-10-03,滋賀県,1,4,1,93000,1
2023-10-03,京都府,3,9,4,211800,3
2023-10-03,大阪府,6,44,4,505040,4
2023-10-03,兵庫県,9,26,10,642000,7
2023-10-03,和歌山県,1,2,1,50400,1
2023-10-03,島根県,2,4,2,135500,2
2023-10-03,岡山県,2,4,3,114000,2
2023-10-03,香川県,1,2,1,44000,1
2023-10-03,愛媛県,3,5,3,85000,3
2023-10-03,福岡県,1,2,2,70000,1
2023-10-03,熊本県,2,9,2,162000,2
2023-10-03,大分県,1,2,1,38000,1
2023-10-03,鹿児島県,1,2,1,34000,1
2023-10-03,不明,116,230,46,5029796,92
2023-10-04,群馬県,1,4,2,88380,1
2023-10-04,東京都,2,19,14,665490,2
2023-10-04,富山県,2,5,2,103150,2
2023-10-04,福井県,6,24,6,448000,6
2023-10-04,岐阜県,3,6,3,141060,3
2023-10-04,愛知県,5,21,6,461250,5
2023-10-04,滋賀県,2,4,2,111900,2
2023-10-04,京都府,1,2,1,72900,1
2023-10-04,大阪府,5,10,5,293570,5
2023-10-04,兵庫県,3,18,5,350545,3
2023-10-04,奈良県,1,2,1,41400,1
2023-10-04,和歌山県,1,4,2,116000,1
2023-10-04,島根県,1,1,1,13500,1
2023-10-04,岡山県,3,8,3,166400,3
2023-10-04,徳島県,1,4,1,68000,1
2023-10-04,愛媛県,1,4,1,72000,1
2023-10-04,熊本県,1,2,1,44000,1
2023-10-04,不明,102,300,41,5535308,83
2023-10-05,福島県,1,2,1,68500,1
2023-10-05,埼玉県,1,2,1,40010,1
2023-10-05,東京都,5,26,11,853800,3
2023-10-05,神奈川県,1,4,1,106200,1
2023-10-05,新潟県,1,5,1,68850,1
2023-10-05,富山県,2,9,2,264650,2
2023-10-05,福井県,3,21,6,347150,3
2023-10-05,山梨県,1,2,1,94900,1
2023-10-05,静岡県,4,15,5,404600,4
2023-10-05,愛知県,5,10,5,217600,5
2023-10-05,三重県,8,17,7,485970,6
2023-10-05,滋賀県,4,31,10,671700,4
2023-10-05,京都府,1,2,1,59700,1
2023-10-05,大阪府,14,31,11,835750,10
2023-10-05,兵庫県,11,27,9,768450,9
2023-10-05,奈良県,1,2,1,34200,1
2023-10-05,和歌山県,1,2,1,92700,1
2023-10-05,島根県,2,1,1,13500,1
2023-10-05,岡山県,2,4,1,75600,1
2023-10-05,広島県,1,2,1,57500,1
2023-10-05,徳島県,2,8,2,125580,2
2023-10-05,愛媛県,1,2,1,34200,1
2023-10-05,熊本県,1,2,1,55800,1
2023-10-05,不明,93,277,40,5102516,71
2023-10-06,北海道,1,3,1,80190,1
2023-10-06,埼玉県,1,2,1,37700,1
2023-10-06,千葉県,2,6,2,161860,2
2023-10-06,東京都,4,16,6,613800,4
2023-10-06,神奈川県,2,7,2,173050,2
2023-10-06,新潟県,2,6,2,123600,2
2023-10-06,富山県,1,10,5,400000,1
2023-10-06,石川県,3,55,13,1287450,3
2023-10-06,福井県,8,67,17,1679660,8
2023-10-06,長野県,3,6,3,218700,3
2023-10-06,岐阜県,1,2,1,48000,1
2023-10-06,静岡県,4,12,4,318620,4
2023-10-06,愛知県,13,33,13,674240,13
2023-10-06,三重県,2,3,2,46500,2
2023-10-06,滋賀県,5,12,4,359270,4
2023-10-06,京都府,6,15,6,461850,6
2023-10-06,大阪府,6,16,6,551950,6
2023-10-06,兵庫県,6,19,6,384000,6
2023-10-06,奈良県,5,15,5,530100,5
2023-10-06,和歌山県,5,14,5,330200,5
2023-10-06,岡山県,1,2,1,38000,1
2023-10-06,広島県,2,6,2,126000,2
2023-10-06,山口県,1,3,1,45000,1
2023-10-06,徳島県,1,3,1,62100,1
2023-10-06,香川県,6,15,6,237140,6
2023-10-06,愛媛県,6,15,6,329000,6
2023-10-06,高知県,1,2,1,79600,1
2023-10-06,福岡県,3,8,3,150600,3
2023-10-06,熊本県,3,8,3,179000,3
2023-10-06,大分県,1,2,1,33200,1
2023-10-06,不明,190,423,102,8140887,170
2023-10-07,福島県,1,4,1,33300,1
2023-10-07,千葉県,4,34,14,1374750,4
2023-10-07,東京都,10,23,10,801410,10
2023-10-07,神奈川県,4,11,4,386500,4
2023-10-07,新潟県,1,2,1,83900,1
2023-10-07,石川県,2,6,2,189000,2
2023-10-07,福井県,11,109,29,3067650,11
2023-10-07,山梨県,1,4,1,92000,1
2023-10-07,長野県,2,6,3,311100,2
2023-10-07,岐阜県,5,24,8,842800,5
2023-10-07,静岡県,6,24,7,767520,6
2023-10-07,愛知県,16,43,15,1378765,15
2023-10-07,三重県,5,14,5,487400,5
2023-10-07,滋賀県,3,7,3,252700,3
2023-10-07,京都府,3,10,4,342500,3
2023-10-07,大阪府,17,47,14,1747750,13
2023-10-07,兵庫県,22,300,71,7226641,20
2023-10-07,奈良県,17,49,18,1825090,15
2023-10-07,和歌山県,5,12,5,330690,5
2023-10-07,島根県,4,15,4,416900,4
2023-10-07,岡山県,6,32,8,783000,6
2023-10-07,広島県,2,4,2,124700,2
2023-10-07,徳島県,5,21,6,624800,5
2023-10-07,香川県,8,29,11,1110000,8
2023-10-07,愛媛県,4,12,4,432000,4
2023-10-07,高知県,2,17,2,365000,2
2023-10-07,福岡県,1,2,1,37700,1
2023-10-07,大分県,2,7,3,198300,2
2023-10-07,不明,199,709,93,16826885,173
2023-10-08,栃木県,1,2,1,55300,1
2023-10-08,埼玉県,4,13,4,391070,4
2023-10-08,東京都,15,37,14,1074030,14
2023-10-08,神奈川県,3,12,4,294400,3
2023-10-08,新潟県,4,4,2,416400,2
2023-10-08,富山県,7,23,8,723160,7
2023-10-08,石川県,6,27,9,900980,6
2023-10-08,福井県,18,107,30,2736890,18
2023-10-08,山梨県,1,4,1,138900,1
2023-10-08,長野県,3,14,4,411350,3
2023-10-08,岐阜県,7,28,8,705010,7
2023-10-08,静岡県,6,17,6,637770,6
2023-10-08,愛知県,15,46,15,1572790,14
2023-10-08,三重県,4,11,4,374995,4
2023-10-08,滋賀県,2,6,2,134700,2
2023-10-08,京都府,6,21,7,708920,6
2023-10-08,大阪府,17,35,13,996020,13
2023-10-08,兵庫県,15,123,29,2491029,15
2023-10-08,奈良県,15,41,18,1457360,15
2023-10-08,和歌山県,9,35,10,1098620,9
2023-10-08,鳥取県,1,4,1,112000,1
2023-10-08,岡山県,6,20,6,520000,6
2023-10-08,広島県,2,6,2,187770,2
2023-10-08,山口県,1,2,1,83900,1
2023-10-08,徳島県,7,19,7,601780,7
2023-10-08,香川県,11,41,14,1332400,11
2023-10-08,愛媛県,5,12,5,468000,5
2023-10-08,高知県,4,13,4,509300,4
2023-10-08,熊本県,1,3,1,138000,1
2023-10-08,大分県,1,2,1,58000,1
2023-10-08,宮崎県,2,4,2,88000,2
2023-10-08,不明,186,599,171,14013321,167
2023-10-09,埼玉県,1,2,1,50900,1
2023-10-09,東京都,5,10,5,323000,4
2023-10-09,神奈川県,4,11,4,304350,4
2023-10-09,新潟県,1,4,1,74912,1
2023-10-09,富山県,1,2,1,97100,1
2023-10-09,石川県,3,10,3,231650,3
2023-10-09,福井県,8,24,8,694030,8
2023-10-09,長野県,1,3,1,120000,1
2023-10-09,岐阜県,4,11,4,324720,4
2023-10-09,静岡県,2,4,2,119400,2
2023-10-09,愛知県,4,11,4,315200,4
2023-10-09,三重県,3,7,2,233250,2
2023-10-09,滋賀県,1,3,1,94335,1
2023-10-09,大阪府,7,16,7,452515,7
2023-10-09,兵庫県,5,15,4,470950,4
2023-10-09,奈良県,5,10,5,283830,5
2023-10-09,和歌山県,1,29,6,464000,1
2023-10-09,鳥取県,1,2,1,46800,1
2023-10-09,島根県,1,2,1,48000,1
2023-10-09,広島県,1,2,1,50900,1
2023-10-09,山口県,3,3,3,43500,3
2023-10-09,徳島県,1,2,1,46000,1
2023-10-09,香川県,1,4,1,88000,1
2023-10-09,愛媛県,2,34,9,567000,2
2023-10-09,高知県,1,3,1,51750,1
2023-10-09,不明,112,361,109,8503896,92
2023-10-10,埼玉県,7,11,5,320750,5
2023-10-10,東京都,2,6,2,134800,2
2023-10-10,神奈川県,2,6,2,172300,2
2023-10-10,富山県,1,1,1,37350,1
2023-10-10,石川県,1,2,1,45000,1
2023-10-10,福井県,2,27,16,783250,2
2023-10-10,岐阜県,2,8,2,231000,2
2023-10-10,静岡県,2,71,21,1156000,2
2023-10-10,愛知県,6,15,5,389900,5
2023-10-10,三重県,3,8,3,159180,3
2023-10-10,滋賀県,5,30,11,562950,5
2023-10-10,京都府,6,12,4,492400,4
2023-10-10,大阪府,3,10,3,300700,3
2023-10-10,兵庫県,1,2,1,46500,1
2023-10-10,奈良県,3,6,3,226500,3
2023-10-10,和歌山県,2,4,2,97900,2
2023-10-10,鳥取県,3,43,12,764000,3
2023-10-10,山口県,1,4,2,76000,1
2023-10-10,徳島県,1,2,1,46000,1
2023-10-10,福岡県,1,27,8,491200,1
2023-10-10,鹿児島県,2,1,1,26700,1
2023-10-10,不明,100,399,81,10034532,78
2023-10-11,茨城県,2,8,4,260000,2
2023-10-11,栃木県,1,2,1,69730,1
2023-10-11,群馬県,1,3,1,77650,1
2023-10-11,埼玉県,1,3,1,106050,1
2023-10-11,東京都,2,45,24,1029750,2
2023-10-11,神奈川県,1,5,1,132750,1
2023-10-11,福井県,2,6,3,179300,2
2023-10-11,長野県,4,30,17,908900,4
2023-10-11,愛知県,1,3,1,71800,1
2023-10-11,三重県,1,4,1,75600,1
2023-10-11,滋賀県,5,79,18,1477900,5
2023-10-11,京都府,2,148,19,2477100,2
2023-10-11,大阪府,3,6,3,136500,3
2023-10-11,兵庫県,5,20,7,431700,5
2023-10-11,奈良県,4,7,3,237040,3
2023-10-11,岡山県,1,2,1,40000,1
2023-10-11,広島県,2,5,3,181000,2
2023-10-11,山口県,1,2,1,60000,1
2023-10-11,香川県,4,9,4,224618,4
2023-10-11,愛媛県,1,3,1,55000,1
2023-10-11,福岡県,2,27,8,614000,1
2023-10-11,大分県,1,2,1,39600,1
2023-10-11,不明,59,354,64,9001178,45
2023-10-12,北海道,2,222,47,439640,2
2023-10-12,埼玉県,1,5,2,132000,1
2023-10-12,千葉県,1,4,1,101280,1
2023-10-12,東京都,2,5,2,163950,2
2023-10-12,神奈川県,1,2,1,75500,1
2023-10-12,新潟県,1,3,1,65200,1
2023-10-12,石川県,1,2,1,52550,1
2023-10-12,福井県,10,49,19,1450180,10
2023-10-12,静岡県,4,27,7,461650,4
2023-10-12,愛知県,5,16,6,384860,5
2023-10-12,三重県,1,3,1,101500,1
2023-10-12,滋賀県,4,22,6,613300,3
2023-10-12,京都府,2,6,2,122640,2
2023-10-12,大阪府,4,67,4,527030,4
2023-10-12,兵庫県,3,19,7,382000,3
2023-10-12,奈良県,3,6,3,143900,3
2023-10-12,鳥取県,1,2,1,40000,1
2023-10-12,島根県,3,6,3,166640,3
2023-10-12,岡山県,1,1,1,13500,1
2023-10-12,山口県,2,6,2,143600,2
2023-10-12,徳島県,1,27,9,567000,1
2023-10-12,宮崎県,2,10,4,264000,2
2023-10-12,不明,62,266,56,5080420,55
2023-10-13,北海道,1,2,1,58820,1
2023-10-13,宮城県,1,3,1,73050,1
2023-10-13,福島県,2,295,58,3837950,2
2023-10-13,栃木県,1,4,2,106800,1
2023-10-13,埼玉県,1,3,1,70200,1
2023-10-13,千葉県,2,6,2,182800,2
2023-10-13,東京都,5,6,3,382100,3
2023-10-13,神奈川県,1,3,1,63550,1
2023-10-13,石川県,4,13,4,324950,4
2023-10-13,福井県,5,60,34,2172700,5
2023-10-13,長野県,2,3,2,64000,2
2023-10-13,岐阜県,2,6,2,119300,2
2023-10-13,静岡県,8,16,7,390400,7
2023-10-13,愛知県,2,6,3,135500,2
2023-10-13,三重県,5,10,5,229000,5
2023-10-13,滋賀県,7,28,9,567500,6
2023-10-13,京都府,1,2,1,33200,1
2023-10-13,大阪府,3,9,3,185300,3
2023-10-13,兵庫県,10,75,19,1317690,10
2023-10-13,奈良県,5,13,5,461250,5
2023-10-13,和歌山県,1,2,1,46500,1
2023-10-13,鳥取県,2,8,3,129200,2
2023-10-13,島根県,1,7,1,287000,1
2023-10-13,岡山県,5,13,5,327650,5
2023-10-13,広島県,1,2,1,52000,1
2023-10-13,山口県,1,4,1,156000,1
2023-10-13,徳島県,1,2,1,34200,1
2023-10-13,香川県,7,15,8,344700,7
2023-10-13,愛媛県,2,4,2,87000,2
2023-10-13,高知県,1,2,1,34200,1
2023-10-13,不明,158,484,91,9684099,144
2023-10-14,埼玉県,2,6,2,249570,2
2023-10-14,東京都,5,15,5,490720,5
2023-10-14,神奈川県,7,10,5,320280,5
2023-10-14,富山県,1,4,1,211800,1
2023-10-14,石川県,6,17,6,636950,6
2023-10-14,福井県,17,320,75,7594700,16
2023-10-14,長野県,1,4,1,93000,1
2023-10-14,岐阜県,2,6,2,205500,2
2023-10-14,静岡県,6,18,6,658370,6
2023-10-14,愛知県,8,28,9,717930,8
2023-10-14,三重県,8,18,7,810000,6
2023-10-14,滋賀県,3,10,3,342270,3
2023-10-14,京都府,2,9,2,299300,2
2023-10-14,大阪府,11,55,16,1387030,11
2023-10-14,兵庫県,9,63,19,1718380,9
2023-10-14,奈良県,5,24,9,685300,5
2023-10-14,和歌山県,3,10,4,352240,3
2023-10-14,島根県,2,6,2,155200,2
2023-10-14,岡山県,5,14,5,507300,5
2023-10-14,広島県,1,2,1,88200,1
2023-10-14,香川県,12,46,17,1340450,12
2023-10-14,福岡県,2,5,2,134400,2
2023-10-14,不明,179,747,130,14937135,173
2023-10-15,茨城県,1,4,1,106800,1
2023-10-15,埼玉県,1,2,1,81700,1
2023-10-15,千葉県,1,3,1,148950,1
2023-10-15,東京都,4,22,9,970400,3
2023-10-15,神奈川県,5,63,27,2020250,3
2023-10-15,新潟県,3,8,3,195160,3
2023-10-15,富山県,1,2,1,77300,1
2023-10-15,石川県,6,19,6,484190,6
2023-10-15,福井県,14,101,23,1808430,14
2023-10-15,山梨県,2,7,2,172300,2
2023-10-15,長野県,1,2,1,46800,1
2023-10-15,岐阜県,1,2,1,77300,1
2023-10-15,静岡県,4,9,4,234050,4
2023-10-15,愛知県,6,12,6,399800,6
2023-10-15,三重県,2,4,2,130800,2
2023-10-15,滋賀県,1,3,1,64800,1
2023-10-15,京都府,3,13,4,227220,3
2023-10-15,大阪府,8,22,8,687020,8
2023-10-15,兵庫県,15,178,42,3052084,15
2023-10-15,奈良県,6,18,6,423720,6
2023-10-15,鳥取県,2,5,2,202000,2
2023-10-15,岡山県,2,5,2,174600,2
2023-10-15,山口県,1,4,1,63000,1
2023-10-15,徳島県,1,2,1,50400,1
2023-10-15,香川県,6,29,11,571150,6
2023-10-15,愛媛県,3,7,3,138400,3
2023-10-15,高知県,1,2,1,54500,1
2023-10-15,福岡県,1,3,1,66450,1
2023-10-15,大分県,1,3,1,47500,1
2023-10-15,不明,190,461,107,8119983,184
2023-10-16,宮城県,2,4,2,93000,2
2023-10-16,埼玉県,1,2,1,94900,1
2023-10-16,千葉県,1,2,1,46500,1
2023-10-16,東京都,4,8,4,256600,4
2023-10-16,神奈川県,8,12,6,399090,6
2023-10-16,新潟県,1,1,1,28000,1
2023-10-16,富山県,2,7,2,153690,2
2023-10-16,石川県,1,2,1,44190,1
2023-10-16,福井県,12,50,15,1257320,10
2023-10-16,山梨県,1,4,1,106200,1
2023-10-16,長野県,1,6,1,140040,1
2023-10-16,岐阜県,3,6,3,200440,3
2023-10-16,静岡県,3,11,3,364300,3
2023-10-16,愛知県,6,27,6,776750,6
2023-10-16,三重県,1,2,1,50900,1
2023-10-16,滋賀県,2,5,2,123800,2
2023-10-16,京都府,3,22,9,660000,3
2023-10-16,大阪府,4,14,5,306350,4
2023-10-16,兵庫県,2,13,4,295000,2
2023-10-16,奈良県,4,12,6,302420,4
2023-10-16,和歌山県,4,9,4,216050,4
2023-10-16,鳥取県,1,5,1,112500,1
2023-10-16,岡山県,1,2,1,46800,1
2023-10-16,広島県,2,6,3,187900,2
2023-10-16,徳島県,2,6,2,102200,2
2023-10-16,香川県,4,9,4,234000,4
2023-10-16,熊本県,1,2,1,38000,1
2023-10-16,不明,171,432,91,8808476,148
2023-10-17,埼玉県,2,5,2,132450,2
2023-10-17,新潟県,1,3,1,54000,1
2023-10-17,富山県,1,2,1,42100,1
2023-10-17,石川県,1,3,1,83850,1
2023-10-17,福井県,3,6,3,151700,3
2023-10-17,岐阜県,2,8,2,150200,2
2023-10-17,静岡県,2,4,2,84600,2
2023-10-17,愛知県,2,4,2,68400,2
2023-10-17,三重県,2,24,6,444000,2
2023-10-17,京都府,2,4,2,117090,2
2023-10-17,大阪府,5,64,19,1305600,5
2023-10-17,兵庫県,3,12,3,351750,3
2023-10-17,和歌山県,2,8,6,185450,2
2023-10-17,島根県,3,9,3,190450,3
2023-10-17,徳島県,3,4,3,68000,3
2023-10-17,香川県,2,4,2,84000,2
2023-10-17,愛媛県,6,11,6,211000,6
2023-10-17,福岡県,1,2,1,110000,1
2023-10-17,不明,150,396,76,8390351,129
2023-10-18,埼玉県,1,2,1,54820,1
2023-10-18,千葉県,1,2,1,54500,1
2023-10-18,東京都,3,6,3,189900,3
2023-10-18,富山県,1,1,1,13500,1
2023-10-18,福井県,12,361,69,8638250,10
2023-10-18,長野県,1,2,1,40000,1
2023-10-18,岐阜県,4,16,4,356320,5
2023-10-18,静岡県,1,2,1,41400,1
2023-10-18,愛知県,8,18,8,710600,6
2023-10-18,三重県,2,4,2,74190,2
2023-10-18,滋賀県,2,5,2,149700,2
2023-10-18,京都府,3,8,3,301940,3
2023-10-18,大阪府,4,7,4,219600,4
2023-10-18,兵庫県,9,148,32,1822270,9
2023-10-18,奈良県,2,7,2,179800,2
2023-10-18,和歌山県,5,5,3,192320,3
2023-10-18,鳥取県,1,2,1,34200,1
2023-10-18,徳島県,1,1,1,12150,1
2023-10-18,香川県,2,4,2,94218,2
2023-10-18,福岡県,2,2,1,115000,1
2023-10-18,不明,122,325,60,7343022,110
2023-10-19,宮城県,1,2,1,61350,1
2023-10-19,群馬県,2,4,2,142940,2
2023-10-19,埼玉県,2,4,2,172200,2
2023-10-19,千葉県,6,12,6,369690,6
2023-10-19,東京都,5,11,5,360250,5
2023-10-19,神奈川県,3,6,3,220240,3
2023-10-19,新潟県,1,22,5,610500,1
2023-10-19,富山県,1,4,1,79800,1
2023-10-19,石川県,5,14,5,393700,5
2023-10-19,福井県,14,88,32,2352180,12
2023-10-19,岐阜県,4,9,4,277950,4
2023-10-19,静岡県,6,13,5,368650,5
2023-10-19,愛知県,8,21,8,485706,8
2023-10-19,三重県,3,7,3,209750,3
2023-10-19,滋賀県,3,6,3,124210,3
2023-10-19,京都府,5,68,21,1150550,5
2023-10-19,大阪府,9,21,9,639612,9
2023-10-19,兵庫県,8,186,36,3008528,8
2023-10-19,奈良県,5,6,3,262700,3
2023-10-19,岡山県,3,40,8,568100,3
2023-10-19,広島県,2,6,2,140300,2
2023-10-19,徳島県,3,18,7,463450,3
2023-10-19,香川県,2,4,2,119800,2
2023-10-19,愛媛県,2,6,2,174700,2
2023-10-19,熊本県,1,1,1,28000,1
2023-10-19,不明,161,430,171,9495665,147
2023-10-20,宮城県,1,2,1,55300,1
2023-10-20,群馬県,1,2,1,35500,1
2023-10-20,埼玉県,2,4,2,103450,2
2023-10-20,千葉県,2,4,2,107900,2
2023-10-20,東京都,9,28,10,603840,9
2023-10-20,神奈川県,3,24,7,468600,3
2023-10-20,新潟県,1,3,1,67050,1
2023-10-20,富山県,2,6,2,119670,2
2023-10-20,石川県,4,14,4,476180,4
2023-10-20,福井県,15,92,28,3085140,15
2023-10-20,長野県,1,2,1,102000,1
2023-10-20,岐阜県,4,10,4,250860,4
2023-10-20,静岡県,3,8,3,161800,3
2023-10-20,愛知県,20,54,21,1504158,21
2023-10-20,三重県,5,12,5,259490,5
2023-10-20,滋賀県,8,25,8,710360,8
2023-10-20,京都府,6,22,7,510850,6
2023-10-20,大阪府,12,34,14,1058530,12
2023-10-20,兵庫県,16,129,35,2725720,15
2023-10-20,奈良県,10,27,10,849450,10
2023-10-20,和歌山県,7,16,7,481410,7
2023-10-20,鳥取県,1,2,1,34200,1
2023-10-20,島根県,2,7,2,138700,2
2023-10-20,岡山県,5,15,5,345600,5
2023-10-20,広島県,1,2,1,61900,1
2023-10-20,山口県,2,6,2,149400,2
2023-10-20,香川県,7,13,6,287100,6
2023-10-20,愛媛県,4,7,4,150000,4
2023-10-20,高知県,1,2,1,36000,1
2023-10-20,佐賀県,1,5,1,105000,1
2023-10-20,熊本県,2,4,2,109800,2
2023-10-20,大分県,3,9,4,208800,3
2023-10-20,沖縄県,1,2,1,54000,1
2023-10-20,不明,188,692,101,13150717,178
2023-10-21,群馬県,2,9,2,260308,2
2023-10-21,埼玉県,1,2,1,66300,1
2023-10-21,千葉県,1,2,1,60500,1
2023-10-21,東京都,6,18,6,575540,6
2023-10-21,神奈川県,2,9,2,205950,2
2023-10-21,新潟県,1,5,2,129850,1
2023-10-21,富山県,5,17,5,622870,5
2023-10-21,石川県,5,18,5,302470,5
2023-10-21,福井県,22,125,35,4103540,19
2023-10-21,山梨県,2,5,2,182000,2
2023-10-21,岐阜県,3,170,38,4123600,3
2023-10-21,静岡県,8,21,9,638990,8
2023-10-21,愛知県,13,36,14,984845,13
2023-10-21,三重県,2,5,2,225370,2
2023-10-21,滋賀県,5,55,12,1517840,5
2023-10-21,京都府,6,13,6,368100,6
2023-10-21,大阪府,10,117,20,2516350,10
2023-10-21,兵庫県,10,71,20,2150100,10
2023-10-21,奈良県,10,28,11,944470,10
2023-10-21,和歌山県,7,19,7,594770,7
2023-10-21,広島県,1,4,1,211800,1
2023-10-21,徳島県,1,4,1,136000,1
2023-10-21,香川県,6,39,11,1104000,6
2023-10-21,愛媛県,2,30,12,729200,2
2023-10-21,大分県,1,2,1,60000,1
2023-10-21,不明,160,635,99,15669572,156
2023-10-22,埼玉県,2,5,3,106970,2
2023-10-22,千葉県,2,5,2,118450,2
2023-10-22,東京都,13,31,12,1008170,12
2023-10-22,神奈川県,1,2,1,50900,1
2023-10-22,新潟県,1,6,1,129150,1
2023-10-22,富山県,5,14,5,332310,5
2023-10-22,石川県,2,4,2,150200,2
2023-10-22,福井県,34,242,50,4473870,26
2023-10-22,長野県,1,2,1,17900,1
2023-10-22,岐阜県,4,10,4,295520,4
2023-10-22,静岡県,5,14,6,419700,5
2023-10-22,愛知県,19,47,18,1408480,17
2023-10-22,三重県,3,7,3,224950,3
2023-10-22,滋賀県,6,18,6,549000,6
2023-10-22,京都府,5,11,5,372200,5
2023-10-22,大阪府,24,65,22,1732910,22
2023-10-22,兵庫県,12,52,14,1156601,12
2023-10-22,奈良県,6,13,6,406200,6
2023-10-22,和歌山県,7,34,10,657050,7
2023-10-22,鳥取県,1,3,1,101760,1
2023-10-22,岡山県,11,36,12,1035090,11
2023-10-22,広島県,3,25,6,450850,3
2023-10-22,山口県,1,6,3,132000,1
2023-10-22,徳島県,5,17,5,350870,5
2023-10-22,香川県,5,15,6,450618,5
2023-10-22,愛媛県,5,14,5,338000,5
2023-10-22,福岡県,1,2,1,61900,1
2023-10-22,不明,194,498,176,9490829,189
2023-10-23,秋田県,1,7,1,127100,1
2023-10-23,東京都,12,36,16,1205875,10
2023-10-23,神奈川県,6,11,4,252150,4
2023-10-23,富山県,1,3,1,77300,1
2023-10-23,石川県,1,8,4,125000,1
2023-10-23,福井県,19,64,20,1603460,15
2023-10-23,山梨県,1,3,1,92850,1
2023-10-23,長野県,2,4,2,93400,2
2023-10-23,岐阜県,3,6,2,170200,2
2023-10-23,静岡県,7,16,7,398260,7
2023-10-23,愛知県,10,22,10,539360,10
2023-10-23,三重県,2,7,3,222450,2
2023-10-23,滋賀県,7,17,7,502800,7
2023-10-23,京都府,3,7,3,193350,3
2023-10-23,大阪府,10,31,11,844184,10
2023-10-23,兵庫県,9,73,19,1213550,9
2023-10-23,奈良県,3,13,4,301380,3
2023-10-23,和歌山県,1,2,1,18000,1
2023-10-23,鳥取県,2,4,2,116000,2
2023-10-23,岡山県,1,2,1,34200,1
2023-10-23,広島県,1,2,1,72900,1
2023-10-23,徳島県,2,4,2,100000,2
2023-10-23,香川県,4,13,5,293200,4
2023-10-23,高知県,2,9,3,188000,2
2023-10-23,福岡県,1,2,1,79500,1
2023-10-23,大分県,1,3,1,51300,1
2023-10-23,鹿児島県,1,2,1,37800,1
2023-10-23,不明,119,460,81,9812004,110
2023-10-24,茨城県,1,2,1,81700,1
2023-10-24,栃木県,1,2,1,57500,1
2023-10-24,群馬県,1,3,1,71800,1
2023-10-24,埼玉県,5,10,3,242900,3
2023-10-24,千葉県,1,1,2,18850,1
2023-10-24,東京都,6,14,5,260150,6
2023-10-24,富山県,1,4,1,58000,1
2023-10-24,石川県,3,7,3,208250,3
2023-10-24,福井県,11,51,10,649900,11
2023-10-24,長野県,1,2,1,56000,1
2023-10-24,岐阜県,3,10,3,317890,3
2023-10-24,静岡県,2,5,2,165000,2
2023-10-24,愛知県,11,25,13,611240,11
2023-10-24,三重県,9,21,10,442450,8
2023-10-24,滋賀県,2,10,2,230460,2
2023-10-24,京都府,5,39,14,634450,5
2023-10-24,大阪府,6,14,7,374750,6
2023-10-24,兵庫県,7,91,25,1441600,7
2023-10-24,奈良県,2,7,3,196370,2
2023-10-24,和歌山県,3,10,3,183310,3
2023-10-24,鳥取県,2,4,2,70000,2
2023-10-24,島根県,1,2,1,46000,1
2023-10-24,岡山県,2,4,3,146000,2
2023-10-24,広島県,1,3,1,96000,1
2023-10-24,徳島県,2,4,2,114000,2
2023-10-24,香川県,4,12,4,276400,4
2023-10-24,愛媛県,1,3,1,63000,1
2023-10-24,福岡県,1,2,1,57500,1
2023-10-24,佐賀県,1,7,2,166500,1
2023-10-24,不明,175,336,53,8087652,121
2023-10-25,茨城県,4,6,3,209370,3
2023-10-25,千葉県,2,4,2,115605,2
2023-10-25,東京都,9,17,8,585700,8
2023-10-25,神奈川県,4,9,3,425450,3
2023-10-25,新潟県,1,2,1,54640,1
2023-10-25,富山県,3,7,6,236450,3
2023-10-25,石川県,3,11,3,323300,3
2023-10-25,福井県,16,289,35,3709790,16
2023-10-25,山梨県,2,4,2,131890,2
2023-10-25,長野県,1,3,1,127650,1
2023-10-25,岐阜県,2,9,2,234730,2
2023-10-25,静岡県,11,23,10,752260,10
2023-10-25,愛知県,14,25,14,625440,14
2023-10-25,三重県,2,4,2,109000,2
2023-10-25,滋賀県,5,36,15,623190,5
2023-10-25,京都府,2,4,2,175400,2
2023-10-25,大阪府,9,27,10,908128,9
2023-10-25,兵庫県,14,43,17,927150,14
2023-10-25,奈良県,3,8,3,272650,3
2023-10-25,和歌山県,2,4,2,139150,2
2023-10-25,島根県,1,2,1,58000,1
2023-10-25,岡山県,6,28,12,624800,5
2023-10-25,広島県,3,17,8,356000,3
2023-10-25,山口県,1,2,1,44000,1
2023-10-25,徳島県,3,4,3,120800,3
2023-10-25,香川県,2,6,2,146310,2
2023-10-25,愛媛県,2,6,2,122000,2
2023-10-25,大分県,2,3,2,50400,2
2023-10-25,宮崎県,1,15,8,285000,1
2023-10-25,沖縄県,1,9,4,233000,1
2023-10-25,不明,110,353,106,6825011,102
2023-10-26,茨城県,1,5,1,104550,1
2023-10-26,埼玉県,1,2,1,53500,1
2023-10-26,千葉県,3,9,3,208200,3
2023-10-26,東京都,8,22,8,462500,8
2023-10-26,神奈川県,4,8,3,380370,3
2023-10-26,石川県,4,11,4,272540,4
2023-10-26,福井県,23,111,35,2709408,23
2023-10-26,長野県,4,11,4,302550,4
2023-10-26,静岡県,8,21,8,516390,8
2023-10-26,愛知県,19,39,15,1603210,15
2023-10-26,三重県,6,8,4,279200,4
2023-10-26,滋賀県,5,12,6,288500,5
2023-10-26,京都府,2,4,2,113090,2
2023-10-26,大阪府,6,15,6,442100,6
2023-10-26,兵庫県,11,47,15,963940,11
2023-10-26,奈良県,5,16,5,496790,5
2023-10-26,和歌山県,1,2,1,54640,1
2023-10-26,鳥取県,1,1,1,9000,1
2023-10-26,岡山県,5,9,5,325350,5
2023-10-26,広島県,4,7,4,131350,4
2023-10-26,山口県,1,2,1,60000,1
2023-10-26,徳島県,1,2,1,58000,1
2023-10-26,香川県,7,20,8,484182,7
2023-10-26,愛媛県,6,19,8,365800,6
2023-10-26,福岡県,1,22,7,440000,1
2023-10-26,不明,123,478,77,9577294,111
2023-10-27,埼玉県,5,10,5,319600,5
2023-10-27,千葉県,4,6,2,165900,2
2023-10-27,東京都,6,15,6,386105,6
2023-10-27,神奈川県,1,3,1,83460,1
2023-10-27,新潟県,1,3,1,56070,1
2023-10-27,富山県,2,4,2,113070,2
2023-10-27,石川県,2,7,2,174810,2
2023-10-27,福井県,20,127,35,3356670,20
2023-10-27,長野県,1,2,1,44190,1
2023-10-27,岐阜県,7,22,7,574430,7
2023-10-27,静岡県,16,39,17,1118750,16
2023-10-27,愛知県,18,47,19,1262340,18
2023-10-27,三重県,4,8,4,222500,4
2023-10-27,滋賀県,4,9,4,284050,4
2023-10-27,京都府,7,18,7,543270,7
2023-10-27,大阪府,14,42,14,1006856,14
2023-10-27,兵庫県,16,128,34,2510685,16
2023-10-27,奈良県,7,15,7,466050,7
2023-10-27,和歌山県,3,6,3,148940,3
2023-10-27,鳥取県,1,2,1,61200,1
2023-10-27,島根県,1,2,1,45000,1
2023-10-27,岡山県,6,12,6,359700,6
2023-10-27,広島県,1,3,1,67050,1
2023-10-27,山口県,1,5,1,135000,1
2023-10-27,香川県,7,18,9,483800,7
2023-10-27,愛媛県,1,2,1,82000,1
2023-10-27,高知県,1,5,1,150000,1
2023-10-27,福岡県,1,1,1,10050,1
2023-10-27,大分県,3,6,3,140400,3
2023-10-27,鹿児島県,1,3,1,45000,1
2023-10-27,沖縄県,2,19,13,424350,2
2023-10-27,不明,209,558,135,11967346,202
2023-10-28,埼玉県,4,10,3,400490,3
2023-10-28,千葉県,1,3,1,79650,1
2023-10-28,東京都,11,38,16,1350120,11
2023-10-28,神奈川県,2,5,2,185950,2
2023-10-28,新潟県,2,6,3,184950,2
2023-10-28,富山県,3,11,4,544230,3
2023-10-28,石川県,4,9,4,281850,4
2023-10-28,福井県,27,263,63,7152116,27
2023-10-28,長野県,2,5,2,173900,2
2023-10-28,岐阜県,5,14,5,279815,5
2023-10-28,静岡県,14,38,13,1392040,13
2023-10-28,愛知県,18,59,20,1894924,16
2023-10-28,三重県,4,17,5,504860,4
2023-10-28,滋賀県,9,24,7,712120,7
2023-10-28,京都府,3,41,11,695850,3
2023-10-28,大阪府,16,54,17,1826714,14
2023-10-28,兵庫県,7,58,17,1492550,7
2023-10-28,奈良県,8,28,8,945150,8
2023-10-28,和歌山県,4,11,4,353920,4
2023-10-28,岡山県,2,4,2,118000,2
2023-10-28,広島県,1,2,1,70000,1
2023-10-28,山口県,2,6,2,208000,2
2023-10-28,徳島県,1,4,2,220000,1
2023-10-28,香川県,6,89,32,2017600,6
2023-10-28,愛媛県,4,33,11,943000,4
2023-10-28,高知県,2,5,2,147327,2
2023-10-28,佐賀県,1,2,1,60000,1
2023-10-28,熊本県,2,9,3,262000,2
2023-10-28,大分県,1,13,4,351000,1
2023-10-28,鹿児島県,1,2,1,56300,1
2023-10-28,沖縄県,1,2,1,64000,1
2023-10-28,不明,110,743,38,17981778,107
2023-10-29,茨城県,1,2,1,64500,1
2023-10-29,栃木県,1,2,1,54700,1
2023-10-29,埼玉県,4,8,4,217100,4
2023-10-29,千葉県,1,4,1,119400,1
2023-10-29,東京都,10,27,11,786430,10
2023-10-29,神奈川県,3,8,3,285550,3
2023-10-29,新潟県,1,5,1,94680,1
2023-10-29,富山県,5,13,5,383430,5
2023-10-29,石川県,4,9,5,286900,4
2023-10-29,福井県,21,154,43,3487630,19
2023-10-29,岐阜県,1,5,1,125000,1
2023-10-29,静岡県,13,41,14,865590,10
2023-10-29,愛知県,21,55,22,1438730,21
2023-10-29,三重県,3,9,3,266520,3
2023-10-29,滋賀県,6,12,6,380900,6
2023-10-29,京都府,7,20,7,617600,7
2023-10-29,大阪府,11,41,17,1250178,11
2023-10-29,兵庫県,15,137,32,2452370,15
2023-10-29,奈良県,6,16,6,452507,6
2023-10-29,和歌山県,5,12,5,339700,5
2023-10-29,鳥取県,2,5,2,118800,2
2023-10-29,岡山県,4,11,5,304660,4
2023-10-29,広島県,2,2,1,58000,1
2023-10-29,山口県,3,6,3,193300,3
2023-10-29,徳島県,1,2,1,36000,1
2023-10-29,香川県,11,63,28,1478700,11
2023-10-29,愛媛県,5,10,5,222600,5
2023-10-29,高知県,3,6,3,173600,3
2023-10-29,福岡県,2,4,2,147010,2
2023-10-29,熊本県,1,2,1,82000,1
2023-10-29,宮崎県,1,2,1,46000,1
2023-10-29,不明,215,634,125,12873919,204
2023-10-30,茨城県,1,3,1,69420,1
2023-10-30,東京都,5,8,3,147100,3
2023-10-30,神奈川県,3,9,3,228200,3
2023-10-30,新潟県,1,4,1,84000,1
2023-10-30,富山県,1,2,1,72900,1
2023-10-30,石川県,9,23,10,577990,9
2023-10-30,福井県,14,72,18,1491025,14
2023-10-30,長野県,2,8,4,189500,2
2023-10-30,岐阜県,7,16,8,350050,7
2023-10-30,静岡県,7,18,8,487850,7
2023-10-30,愛知県,13,26,13,630490,12
2023-10-30,三重県,3,20,5,492500,3
2023-10-30,滋賀県,8,23,8,523540,8
2023-10-30,京都府,5,9,5,238230,5
2023-10-30,大阪府,14,87,18,1213400,14
2023-10-30,兵庫県,8,35,11,668040,8
2023-10-30,奈良県,5,11,4,440950,4
2023-10-30,和歌山県,4,14,5,366630,3
2023-10-30,島根県,2,4,2,81280,2
2023-10-30,岡山県,7,16,7,347300,7
2023-10-30,広島県,1,6,1,132000,1
2023-10-30,徳島県,1,6,1,126000,1
2023-10-30,香川県,5,30,11,547964,5
2023-10-30,愛媛県,1,1,1,9000,1
2023-10-30,高知県,2,4,2,106000,2
2023-10-30,福岡県,2,4,2,80190,2
2023-10-30,熊本県,1,4,1,80000,1
2023-10-30,大分県,1,1,1,9000,1
2023-10-30,不明,141,405,74,8639567,135
2023-10-31,福島県,2,4,2,86800,2
2023-10-31,茨城県,1,3,1,63150,1
2023-10-31,埼玉県,1,2,1,46500,1
2023-10-31,千葉県,1,2,1,46500,1
2023-10-31,東京都,7,21,7,637040,7
2023-10-31,神奈川県,1,3,1,71800,1
2023-10-31,新潟県,2,6,2,158300,2
2023-10-31,石川県,7,57,8,988110,7
2023-10-31,福井県,8,42,11,676080,8
2023-10-31,山梨県,2,5,2,110530,2
2023-10-31,岐阜県,4,13,4,259520,4
2023-10-31,静岡県,4,13,4,451250,4
2023-10-31,愛知県,7,11,6,278100,6
2023-10-31,滋賀県,3,6,3,172500,3
2023-10-31,京都府,1,4,1,85000,1
2023-10-31,大阪府,4,7,4,239900,4
2023-10-31,兵庫県,12,151,18,1966895,12
2023-10-31,奈良県,5,9,4,417650,4
2023-10-31,和歌山県,2,4,2,122000,2
2023-10-31,鳥取県,1,2,1,52000,1
2023-10-31,島根県,2,4,2,104190,2
2023-10-31,岡山県,4,17,5,476440,4
2023-10-31,広島県,3,8,3,206600,3
2023-10-31,徳島県,2,3,2,57500,2
2023-10-31,香川県,2,5,2,155000,2
2023-10-31,愛媛県,1,2,1,80000,1
2023-10-31,高知県,1,4,1,61200,1
2023-10-31,熊本県,1,2,1,48000,1
2023-10-31,沖縄県,1,2,1,34200,1
2023-10-31,不明,125,361,84,8114120,105
2023-11-01,山形県,1,3,2,36750,1
2023-11-01,福島県,1,6,1,225300,1
2023-11-01,栃木県,1,2,1,42500,1
2023-11-01,群馬県,2,5,2,152400,2
2023-11-01,埼玉県,2,6,2,130920,2
2023-11-01,千葉県,3,6,3,170590,3
2023-11-01,東京都,10,15,8,516750,8
2023-11-01,神奈川県,2,6,2,166650,2
2023-11-01,石川県,3,6,3,196700,3
2023-11-01,福井県,16,139,22,2665890,16
2023-11-01,山梨県,2,3,2,83000,2
2023-11-01,長野県,3,9,3,213640,3
2023-11-01,岐阜県,11,27,9,653770,9
2023-11-01,静岡県,4,8,4,203000,4
2023-11-01,愛知県,8,59,29,1399160,8
2023-11-01,三重県,4,9,4,221890,4
2023-11-01,滋賀県,4,14,4,384240,4
2023-11-01,京都府,3,9,4,214460,3
2023-11-01,大阪府,14,29,13,1002150,12
2023-11-01,兵庫県,13,27,11,874800,11
2023-11-01,奈良県,4,8,2,128600,2
2023-11-01,和歌山県,4,9,4,235790,4
2023-11-01,岡山県,2,4,2,152000,2
2023-11-01,広島県,2,4,2,122000,2
2023-11-01,山口県,2,4,2,198000,2
2023-11-01,徳島県,2,4,2,132000,2
2023-11-01,香川県,5,11,5,286900,5
2023-11-01,愛媛県,2,4,2,105500,2
2023-11-01,高知県,1,2,1,50000,1
2023-11-01,熊本県,1,2,1,50000,1
2023-11-01,大分県,1,1,1,12500,1
2023-11-01,不明,98,317,63,5990739,88
2023-11-02,山形県,1,2,1,46900,1
2023-11-02,栃木県,1,2,1,77300,1
2023-11-02,埼玉県,2,32,6,367130,2
2023-11-02,東京都,24,59,20,1759600,20
2023-11-02,神奈川県,4,13,4,385700,4
2023-11-02,新潟県,1,4,1,74300,1
2023-11-02,富山県,3,11,4,311470,3
2023-11-02,石川県,11,41,12,1113240,11
2023-11-02,福井県,9,58,15,1249600,9
2023-11-02,山梨県,1,7,3,184960,1
2023-11-02,長野県,2,5,2,120650,2
2023-11-02,岐阜県,2,8,3,177050,2
2023-11-02,静岡県,6,13,6,507610,6
2023-11-02,愛知県,28,70,29,2002451,28
2023-11-02,三重県,5,11,5,276200,5
2023-11-02,滋賀県,3,7,3,245800,3
2023-11-02,京都府,4,13,4,376793,4
2023-11-02,大阪府,19,51,19,1409300,19
2023-11-02,兵庫県,15,48,16,1170465,14
2023-11-02,奈良県,7,19,9,711840,7
2023-11-02,和歌山県,2,5,2,164700,2
2023-11-02,鳥取県,3,9,3,185100,3
2023-11-02,島根県,1,2,1,50000,1
2023-11-02,岡山県,6,12,6,308940,6
2023-11-02,広島県,5,12,5,330090,5
2023-11-02,山口県,7,14,6,502184,6
2023-11-02,徳島県,7,12,6,268500,6
2023-11-02,香川県,11,31,11,787950,11
2023-11-02,高知県,1,2,1,62000,1
2023-11-02,沖縄県,1,2,1,104000,1
2023-11-02,不明,172,512,95,12169665,161
2023-11-03,宮城県,1,4,1,72900,1
2023-11-03,福島県,2,27,5,430000,2
2023-11-03,埼玉県,2,4,2,209600,2
2023-11-03,千葉県,1,5,1,203550,1
2023-11-03,東京都,17,46,15,1886900,15
2023-11-03,神奈川県,9,28,10,661800,7
2023-11-03,新潟県,2,7,2,206300,2
2023-11-03,富山県,8,25,6,927230,6
2023-11-03,石川県,4,12,4,383350,4
2023-11-03,福井県,18,76,25,2298620,16
2023-11-03,山梨県,1,4,1,112000,1
2023-11-03,岐阜県,14,46,12,1390570,12
2023-11-03,静岡県,12,34,12,1381375,11
2023-11-03,愛知県,16,67,20,2070850,16
2023-11-03,三重県,11,30,9,922968,9
2023-11-03,滋賀県,6,20,6,562330,6
2023-11-03,京都府,8,23,8,862600,8
2023-11-03,大阪府,19,56,21,2188086,19
2023-11-03,兵庫県,12,149,39,4163830,12
2023-11-03,奈良県,8,26,8,1072850,8
2023-11-03,和歌山県,4,12,5,449650,4
2023-11-03,鳥取県,2,4,2,108190,2
2023-11-03,島根県,4,11,4,282500,4
2023-11-03,岡山県,10,24,10,775300,9
2023-11-03,広島県,4,26,9,676800,4
2023-11-03,徳島県,2,4,2,120300,2
2023-11-03,香川県,7,38,14,1279000,7
2023-11-03,愛媛県,8,23,9,836000,8
2023-11-03,高知県,2,8,3,195400,2
2023-11-03,大分県,1,2,1,46000,1
2023-11-03,宮崎県,1,3,1,87150,1
2023-11-03,沖縄県,3,4,2,202300,2
2023-11-03,不明,254,811,227,22709460,221
2023-11-04,北海道,2,5,2,273550,2
2023-11-04,茨城県,1,2,1,48700,1
2023-11-04,栃木県,1,2,1,70700,1
2023-11-04,埼玉県,4,10,4,184570,4
2023-11-04,千葉県,1,3,1,79302,1
2023-11-04,東京都,10,34,11,1118300,10
2023-11-04,神奈川県,2,6,2,117600,2
2023-11-04,新潟県,2,7,2,126450,2
2023-11-04,富山県,1,2,1,74000,1
2023-11-04,石川県,8,19,9,775100,8
2023-11-04,福井県,30,303,56,7078460,29
2023-11-04,岐阜県,3,10,3,473450,3
2023-11-04,静岡県,7,23,10,840750,7
2023-11-04,愛知県,19,54,18,1531400,18
2023-11-04,三重県,8,21,7,662590,7
2023-11-04,滋賀県,4,16,4,485110,4
2023-11-04,京都府,7,32,9,1361660,7
2023-11-04,大阪府,10,39,10,1164826,10
2023-11-04,兵庫県,18,90,25,2644531,18
2023-11-04,奈良県,8,42,14,1380070,8
2023-11-04,和歌山県,1,2,1,62500,1
2023-11-04,鳥取県,4,14,4,436150,4
2023-11-04,島根県,1,4,1,98600,1
2023-11-04,岡山県,6,23,7,863000,6
2023-11-04,広島県,3,17,5,353020,3
2023-11-04,山口県,1,3,1,78300,1
2023-11-04,徳島県,1,2,1,70000,1
2023-11-04,香川県,9,74,24,1852918,9
2023-11-04,愛媛県,7,26,7,775100,6
2023-11-04,福岡県,2,22,7,738800,2
2023-11-04,熊本県,1,2,1,59700,1
2023-11-04,鹿児島県,1,2,1,88300,1
2023-11-04,不明,252,707,167,17789124,232
2023-11-05,秋田県,1,2,1,48700,1
2023-11-05,福島県,1,6,1,226470,1
2023-11-05,栃木県,1,2,1,66300,1
2023-11-05,群馬県,3,12,3,352920,3
2023-11-05,東京都,12,33,14,988880,12
2023-11-05,神奈川県,2,7,2,278250,2
2023-11-05,新潟県,2,6,2,166540,2
2023-11-05,富山県,4,17,4,403990,4
2023-11-05,石川県,6,18,6,312050,6
2023-11-05,福井県,13,90,20,2050840,13
2023-11-05,長野県,1,14,5,256200,1
2023-11-05,岐阜県,5,12,5,452510,5
2023-11-05,静岡県,7,15,6,398200,6
2023-11-05,愛知県,20,63,21,1497363,20
2023-11-05,三重県,5,5,3,178200,3
2023-11-05,滋賀県,6,13,6,468450,6
2023-11-05,京都府,5,15,5,264702,5
2023-11-05,大阪府,17,42,15,1143346,15
2023-11-05,兵庫県,15,72,18,1656472,13
2023-11-05,奈良県,10,26,8,754230,8
2023-11-05,和歌山県,8,63,20,1566950,8
2023-11-05,鳥取県,4,6,2,112800,2
2023-11-05,岡山県,6,15,6,446050,6
2023-11-05,広島県,2,4,2,194000,2
2023-11-05,山口県,2,7,3,301000,2
2023-11-05,徳島県,7,14,5,534400,5
2023-11-05,香川県,7,16,8,433800,7
2023-11-05,愛媛県,1,2,1,66000,1
2023-11-05,高知県,2,7,2,163999,2
2023-11-05,福岡県,3,8,4,262000,3
2023-11-05,大分県,1,2,1,61900,1
2023-11-05,不明,188,585,137,15478217,164
2023-11-06,北海道,1,2,1,54640,1
2023-11-06,秋田県,1,2,1,99300,1
2023-11-06,群馬県,1,2,1,46500,1
2023-11-06,埼玉県,5,11,5,367400,5
2023-11-06,東京都,18,36,16,1443910,16
2023-11-06,新潟県,3,10,3,232860,3
2023-11-06,富山県,3,7,3,226620,3
2023-11-06,石川県,3,9,3,279500,3
2023-11-06,福井県,10,34,12,733940,10
2023-11-06,長野県,3,9,3,198500,3
2023-11-06,岐阜県,5,11,5,277200,5
2023-11-06,静岡県,6,19,6,622227,6
2023-11-06,愛知県,11,96,29,2311540,10
2023-11-06,三重県,2,4,2,113300,2
2023-11-06,滋賀県,4,9,4,329150,4
2023-11-06,京都府,5,23,9,507980,5
2023-11-06,大阪府,8,22,8,526220,8
2023-11-06,兵庫県,5,65,17,1062180,5
2023-11-06,奈良県,1,4,1,79800,1
2023-11-06,和歌山県,3,6,2,135200,3
2023-11-06,島根県,2,15,5,593000,2
2023-11-06,岡山県,4,21,7,550062,4
2023-11-06,広島県,1,2,1,92700,1
2023-11-06,山口県,2,2,2,56000,2
2023-11-06,徳島県,3,8,4,275700,3
2023-11-06,香川県,5,9,5,216500,5
2023-11-06,愛媛県,2,4,2,108000,2
2023-11-06,高知県,1,2,1,48000,1
2023-11-06,福岡県,1,2,1,77300,1
2023-11-06,熊本県,1,2,1,44000,1
2023-11-06,宮崎県,1,8,4,280000,1
2023-11-06,不明,171,405,90,10034535,144
2023-11-07,宮城県,1,2,1,72900,1
2023-11-07,茨城県,1,2,1,48700,1
2023-11-07,埼玉県,3,6,3,212250,3
2023-11-07,千葉県,2,6,2,150500,2
2023-11-07,東京都,5,10,5,302800,5
2023-11-07,神奈川県,2,5,2,106310,2
2023-11-07,新潟県,1,2,1,83900,1
2023-11-07,富山県,1,2,1,79500,1
2023-11-07,石川県,4,8,4,252900,4
2023-11-07,福井県,13,117,26,2612670,13
2023-11-07,山梨県,1,12,4,310900,1
2023-11-07,岐阜県,2,9,4,227300,2
2023-11-07,静岡県,1,2,1,57500,1
2023-11-07,愛知県,13,45,16,1202650,13
2023-11-07,三重県,1,2,1,84000,1
2023-11-07,滋賀県,1,2,1,57500,1
2023-11-07,京都府,10,60,21,1198190,8
2023-11-07,大阪府,19,82,28,1828640,15
2023-11-07,兵庫県,9,17,7,448920,7
2023-11-07,奈良県,2,4,2,147300,2
2023-11-07,和歌山県,1,16,8,298000,1
2023-11-07,島根県,1,2,1,48000,1
2023-11-07,岡山県,7,28,11,686850,7
2023-11-07,山口県,2,4,2,130000,2
2023-11-07,徳島県,4,7,4,229400,3
2023-11-07,香川県,3,9,4,259000,3
2023-11-07,愛媛県,2,5,2,101000,2
2023-11-07,高知県,1,4,1,61200,1
2023-11-07,福岡県,3,7,3,151310,3
2023-11-07,大分県,1,2,1,44190,1
2023-11-07,沖縄県,2,3,2,66500,2
2023-11-07,不明,156,380,85,11386519,142
2023-11-08,北海道,1,4,1,101800,1
2023-11-08,宮城県,1,18,5,622000,1
2023-11-08,埼玉県,2,5,2,189350,2
2023-11-08,千葉県,3,7,3,222050,3
2023-11-08,東京都,1,2,1,92700,1
2023-11-08,神奈川県,2,2,1,109000,1
2023-11-08,新潟県,1,2,1,66300,1
2023-11-08,石川県,2,4,2,106900,2
2023-11-08,福井県,9,49,25,1805700,9
2023-11-08,長野県,1,2,1,60910,1
2023-11-08,岐阜県,8,39,15,1023847,8
2023-11-08,静岡県,7,16,6,681330,6
2023-11-08,愛知県,12,33,12,894482,12
2023-11-08,三重県,6,10,5,324250,5
2023-11-08,滋賀県,5,11,5,383550,5
2023-11-08,京都府,5,13,5,339430,5
2023-11-08,大阪府,9,103,9,1147570,9
2023-11-08,兵庫県,4,14,6,391000,4
2023-11-08,奈良県,6,14,6,385500,6
2023-11-08,和歌山県,1,1,1,12500,1
2023-11-08,鳥取県,2,4,2,120000,2
2023-11-08,岡山県,6,12,7,338620,6
2023-11-08,広島県,1,4,1,100000,1
2023-11-08,山口県,1,2,1,39600,1
2023-11-08,徳島県,3,8,3,223950,3
2023-11-08,香川県,4,10,4,339460,4
2023-11-08,愛媛県,1,2,1,44000,1
2023-11-08,福岡県,1,2,1,78550,1
2023-11-08,熊本県,1,2,1,46000,1
2023-11-08,大分県,1,2,1,50000,1
2023-11-08,沖縄県,2,1,1,12500,1
2023-11-08,不明,125,519,36,12162233,113
2023-11-09,埼玉県,3,8,3,376000,3
2023-11-09,千葉県,2,8,2,239800,2
2023-11-09,東京都,10,27,11,1038780,10
2023-11-09,神奈川県,2,4,2,240800,2
2023-11-09,新潟県,1,2,1,61900,1
2023-11-09,富山県,2,4,2,124250,2
2023-11-09,福井県,3,51,12,989800,3
2023-11-09,山梨県,3,8,5,273104,2
2023-11-09,長野県,1,4,1,88380,1
2023-11-09,岐阜県,4,9,4,214680,4
2023-11-09,静岡県,10,28,11,842860,10
2023-11-09,愛知県,23,90,41,2611915,21
2023-11-09,三重県,5,10,4,440150,4
2023-11-09,滋賀県,6,19,6,421420,6
2023-11-09,大阪府,6,16,6,490488,6
2023-11-09,兵庫県,6,19,10,542250,6
2023-11-09,奈良県,5,14,5,370100,5
2023-11-09,和歌山県,3,12,6,199500,2
2023-11-09,鳥取県,4,10,4,300600,4
2023-11-09,島根県,1,2,1,90000,1
2023-11-09,岡山県,8,27,14,801820,8
2023-11-09,山口県,2,5,2,136000,2
2023-11-09,徳島県,1,3,1,64800,1
2023-11-09,香川県,7,26,10,1148800,7
2023-11-09,愛媛県,3,21,10,444000,3
2023-11-09,福岡県,5,6,3,291300,3
2023-11-09,大分県,2,7,2,158000,2
2023-11-09,沖縄県,3,1,1,12500,1
2023-11-09,不明,101,436,45,13450560,88
2023-11-10,香港,1,2,1,20100,1
2023-11-10,福島県,1,5,1,154750,1
2023-11-10,群馬県,1,2,1,56730,1
2023-11-10,埼玉県,3,9,3,248400,3
2023-11-10,千葉県,3,6,4,325620,3
2023-11-10,東京都,14,26,11,1398700,10
2023-11-10,神奈川県,3,6,3,220000,3
2023-11-10,新潟県,1,4,1,116000,1
2023-11-10,富山県,2,4,2,170220,2
2023-11-10,石川県,4,19,5,619530,4
2023-11-10,福井県,19,115,34,3255900,19
2023-11-10,山梨県,2,4,2,118300,2
2023-11-10,長野県,2,7,2,167960,2
2023-11-10,岐阜県,3,9,3,257150,3
2023-11-10,静岡県,7,23,9,806818,7
2023-11-10,愛知県,22,54,22,1945350,22
2023-11-10,三重県,10,25,11,935950,10
2023-11-10,滋賀県,3,7,3,199050,3
2023-11-10,京都府,5,15,6,560000,5
2023-11-10,大阪府,15,43,16,1731670,15
2023-11-10,兵庫県,18,67,28,1674680,18
2023-11-10,奈良県,12,36,12,1429600,12
2023-11-10,和歌山県,7,22,7,648860,7
2023-11-10,鳥取県,6,30,11,688182,6
2023-11-10,島根県,2,6,2,162000,2
2023-11-10,岡山県,7,23,10,957000,7
2023-11-10,広島県,4,9,4,288800,4
2023-11-10,山口県,3,9,4,282900,3
2023-11-10,徳島県,1,2,1,62000,1
2023-11-10,香川県,14,46,15,1277354,13
2023-11-10,愛媛県,5,13,5,362500,5
2023-11-10,高知県,1,2,1,56000,1
2023-11-10,不明,211,568,124,17875122,206
2023-11-11,栃木県,1,2,1,88300,1
2023-11-11,埼玉県,1,2,1,37700,1
2023-11-11,千葉県,3,7,3,202850,3
2023-11-11,東京都,5,22,6,1252900,5
2023-11-11,神奈川県,5,14,5,248850,5
2023-11-11,新潟県,6,22,6,611950,6
2023-11-11,富山県,2,46,12,1906710,2
2023-11-11,石川県,5,32,10,1126330,5
2023-11-11,福井県,19,140,33,4443010,18
2023-11-11,山梨県,2,8,2,295250,2
2023-11-11,長野県,5,13,5,494750,5
2023-11-11,岐阜県,3,6,3,324900,3
2023-11-11,静岡県,6,24,7,870620,6
2023-11-11,愛知県,26,193,64,6543430,26
2023-11-11,滋賀県,2,4,2,132200,2
2023-11-11,京都府,3,9,3,285220,3
2023-11-11,大阪府,9,84,26,2220610,9
2023-11-11,兵庫県,15,137,36,3413260,15
2023-11-11,奈良県,5,23,9,834580,5
2023-11-11,和歌山県,2,8,2,289500,2
2023-11-11,島根県,2,8,2,250800,2
2023-11-11,岡山県,5,18,5,745500,5
2023-11-11,山口県,2,8,2,361000,2
2023-11-11,香川県,9,57,17,1987900,9
2023-11-11,愛媛県,2,7,2,216000,2
2023-11-11,高知県,1,20,6,480000,1
2023-11-11,福岡県,1,2,1,114000,1
2023-11-11,沖縄県,1,2,1,97200,1
2023-11-11,不明,148,644,145,19979127,147
2023-11-12,宮城県,1,2,1,66300,1
2023-11-12,埼玉県,7,25,7,681577,7
2023-11-12,東京都,32,56,22,2843640,22
2023-11-12,神奈川県,5,12,6,341050,5
2023-11-12,新潟県,2,6,2,175060,2
2023-11-12,富山県,4,14,5,409050,4
2023-11-12,石川県,4,11,4,341250,4
2023-11-12,福井県,17,90,29,2466890,17
2023-11-12,山梨県,1,4,1,150350,1
2023-11-12,長野県,3,9,3,263500,3
2023-11-12,岐阜県,7,28,10,1067427,7
2023-11-12,静岡県,13,38,13,1502950,13
2023-11-12,愛知県,19,70,35,2184589,18
2023-11-12,三重県,6,17,6,454760,6
2023-11-12,滋賀県,6,38,9,933650,6
2023-11-12,京都府,2,7,2,243050,2
2023-11-12,大阪府,16,86,23,2191622,16
2023-11-12,兵庫県,15,66,20,1560730,14
2023-11-12,奈良県,5,18,6,687900,5
2023-11-12,和歌山県,9,22,8,841950,8
2023-11-12,鳥取県,1,2,1,78000,1
2023-11-12,島根県,1,5,1,120000,1
2023-11-12,岡山県,5,16,5,494650,5
2023-11-12,広島県,3,10,3,351600,3
2023-11-12,山口県,1,5,1,160000,1
2023-11-12,徳島県,2,6,2,165324,2
2023-11-12,香川県,9,38,14,932000,9
2023-11-12,愛媛県,3,13,3,286400,3
2023-11-12,大分県,3,13,6,457364,3
2023-11-12,不明,226,617,140,17835111,213
2023-11-13,北海道,1,2,1,77300,1
2023-11-13,福島県,1,4,1,66300,1
2023-11-13,栃木県,2,4,2,139200,2
2023-11-13,群馬県,1,3,1,79650,1
2023-11-13,埼玉県,1,34,11,619500,1
2023-11-13,千葉県,2,4,2,198800,2
2023-11-13,東京都,20,46,22,1540257,20
2023-11-13,神奈川県,1,2,1,68500,1
2023-11-13,富山県,4,10,4,762700,4
2023-11-13,石川県,4,61,8,1096950,5
2023-11-13,福井県,6,189,38,4320840,6
2023-11-13,山梨県,1,3,1,65000,1
2023-11-13,長野県,4,12,4,469650,4
2023-11-13,岐阜県,2,12,8,325000,2
2023-11-13,静岡県,4,10,4,340640,4
2023-11-13,愛知県,4,13,5,392150,4
2023-11-13,三重県,5,11,5,446900,5
2023-11-13,滋賀県,1,2,1,103700,1
2023-11-13,京都府,2,6,2,127950,2
2023-11-13,大阪府,6,22,11,730110,6
2023-11-13,兵庫県,7,24,8,589795,7
2023-11-13,奈良県,5,15,5,642370,5
2023-11-13,和歌山県,7,18,8,762030,7
2023-11-13,鳥取県,1,7,1,161000,1
2023-11-13,岡山県,9,19,10,691500,9
2023-11-13,広島県,4,46,12,924627,4
2023-11-13,香川県,4,9,4,260500,4
2023-11-13,愛媛県,3,6,3,285900,3
2023-11-13,高知県,1,2,1,64000,1
2023-11-13,福岡県,2,7,3,526950,2
2023-11-13,熊本県,1,3,1,93000,1
2023-11-13,大分県,3,9,5,205200,3
2023-11-13,鹿児島県,1,2,1,62000,1
2023-11-13,不明,190,535,144,15421617,168
2023-11-14,茨城県,1,2,1,58820,1
2023-11-14,埼玉県,2,2,2,46850,2
2023-11-14,東京都,18,33,16,2145650,16
2023-11-14,神奈川県,3,6,2,141700,3
2023-11-14,富山県,1,4,1,85920,1
2023-11-14,石川県,1,11,2,209000,1
2023-11-14,福井県,12,103,35,3365300,12
2023-11-14,山梨県,1,1,1,14500,1
2023-11-14,長野県,2,4,2,117200,2
2023-11-14,岐阜県,5,10,5,328900,5
2023-11-14,静岡県,6,12,6,385300,6
2023-11-14,愛知県,13,63,23,2139550,13
2023-11-14,三重県,5,10,5,331200,5
2023-11-14,滋賀県,3,9,3,235950,3
2023-11-14,京都府,3,7,3,290350,3
2023-11-14,大阪府,7,12,5,585450,5
2023-11-14,兵庫県,4,9,4,283095,4
2023-11-14,奈良県,3,8,3,230100,3
2023-11-14,和歌山県,2,4,2,135400,2
2023-11-14,鳥取県,4,12,5,462000,4
2023-11-14,岡山県,4,10,4,334800,4
2023-11-14,広島県,3,4,2,108000,2
2023-11-14,山口県,4,14,5,443000,4
2023-11-14,徳島県,3,37,9,950000,3
2023-11-14,香川県,6,19,9,758000,6
2023-11-14,愛媛県,1,2,1,70000,1
2023-11-14,高知県,2,4,2,96400,2
2023-11-14,大分県,1,3,1,63000,1
2023-11-14,不明,174,547,109,18938438,162
2023-11-15,福島県,1,2,1,61900,1
2023-11-15,埼玉県,4,9,4,561965,4
2023-11-15,千葉県,6,8,4,313920,4
2023-11-15,東京都,18,35,16,1900278,16
2023-11-15,神奈川県,9,22,10,757935,9
2023-11-15,富山県,3,9,3,200050,3
2023-11-15,石川県,1,2,1,61900,1
2023-11-15,福井県,10,46,11,1186180,10
2023-11-15,山梨県,2,5,2,171000,2
2023-11-15,長野県,5,30,10,1377720,5
2023-11-15,岐阜県,12,26,11,937490,10
2023-11-15,静岡県,4,9,4,282350,4
2023-11-15,愛知県,10,106,31,2302800,9
2023-11-15,三重県,10,23,10,1046250,10
2023-11-15,滋賀県,7,18,6,507200,5
2023-11-15,大阪府,8,24,11,815560,8
2023-11-15,兵庫県,6,34,11,722742,6
2023-11-15,奈良県,2,4,2,112800,2
2023-11-15,和歌山県,2,4,2,163800,2
2023-11-15,島根県,3,6,3,245400,3
2023-11-15,岡山県,7,33,12,872000,7
2023-11-15,広島県,3,8,3,282700,3
2023-11-15,山口県,1,3,1,153000,1
2023-11-15,徳島県,3,6,3,148000,3
2023-11-15,香川県,6,13,6,391800,6
2023-11-15,愛媛県,2,4,2,92300,2
2023-11-15,大分県,2,3,1,75000,1
2023-11-15,宮崎県,1,2,1,48000,1
2023-11-15,不明,189,571,113,18247921,178
2023-11-16,茨城県,1,18,6,398700,1
2023-11-16,埼玉県,3,6,3,253150,3
2023-11-16,千葉県,1,2,1,193900,1
2023-11-16,東京都,41,56,25,3031110,23
2023-11-16,神奈川県,6,8,4,331000,4
2023-11-16,新潟県,1,6,1,136260,1
2023-11-16,富山県,3,6,3,203300,3
2023-11-16,石川県,2,4,2,108400,2
2023-11-16,福井県,10,112,29,2857110,10
2023-11-16,長野県,3,12,4,560600,3
2023-11-16,岐阜県,7,103,25,2551180,7
2023-11-16,静岡県,5,17,6,475150,5
2023-11-16,愛知県,14,38,17,1157340,12
2023-11-16,三重県,2,7,3,307200,2
2023-11-16,滋賀県,7,14,8,562600,7
2023-11-16,京都府,3,53,14,960950,3
2023-11-16,大阪府,7,17,7,853100,7
2023-11-16,兵庫県,8,22,9,606760,8
2023-11-16,奈良県,1,2,1,56700,1
2023-11-16,和歌山県,1,2,1,30500,1
2023-11-16,鳥取県,2,4,2,100800,2
2023-11-16,島根県,1,2,1,110000,1
2023-11-16,岡山県,8,37,12,1069900,8
2023-11-16,広島県,3,5,3,166200,3
2023-11-16,山口県,4,11,4,342000,4
2023-11-16,徳島県,4,9,4,251691,4
2023-11-16,香川県,7,17,8,486800,7
2023-11-16,愛媛県,2,10,4,360000,2
2023-11-16,高知県,1,2,1,66000,1
2023-11-16,大分県,1,5,2,122000,1
2023-11-16,沖縄県,1,2,1,84000,1
2023-11-16,不明,165,469,83,16039674,157
2023-11-17,栃木県,2,4,2,150200,2
2023-11-17,群馬県,1,4,1,88600,1
2023-11-17,千葉県,3,14,5,515000,2
2023-11-17,東京都,17,35,15,1211620,15
2023-11-17,神奈川県,3,10,4,220070,3
2023-11-17,新潟県,2,8,2,248400,2
2023-11-17,石川県,4,17,4,580200,4
2023-11-17,福井県,21,105,34,3075200,21
2023-11-17,長野県,1,4,2,128200,1
2023-11-17,岐阜県,3,20,9,416700,3
2023-11-17,静岡県,6,18,6,655740,6
2023-11-17,愛知県,21,61,23,1838123,20
2023-11-17,三重県,2,4,2,131100,2
2023-11-17,滋賀県,8,21,9,623305,8
2023-11-17,京都府,3,6,3,227000,3
2023-11-17,大阪府,12,42,15,1237150,12
2023-11-17,兵庫県,13,166,37,3644300,11
2023-11-17,奈良県,6,15,6,538460,6
2023-11-17,和歌山県,3,8,3,262210,3
2023-11-17,鳥取県,2,9,2,261000,2
2023-11-17,島根県,2,4,2,172000,2
2023-11-17,岡山県,11,31,11,1128868,11
2023-11-17,広島県,1,4,1,101800,1
2023-11-17,山口県,1,2,1,72000,1
2023-11-17,徳島県,3,15,5,511000,3
2023-11-17,香川県,4,7,3,252000,3
2023-11-17,愛媛県,2,5,2,167000,2
2023-11-17,福岡県,2,4,2,176000,2
2023-11-17,熊本県,2,6,2,195000,2
2023-11-17,鹿児島県,1,4,2,136000,1
2023-11-17,沖縄県,1,4,1,211800,1
2023-11-17,不明,183,642,119,18791970,179
2023-11-18,群馬県,1,3,1,139050,1
2023-11-18,埼玉県,3,11,4,175450,3
2023-11-18,千葉県,2,6,3,295700,2
2023-11-18,東京都,9,29,10,785970,9
2023-11-18,神奈川県,3,6,3,268060,2
2023-11-18,新潟県,1,3,1,30150,1
2023-11-18,富山県,6,23,9,783972,6
2023-11-18,石川県,5,32,6,964610,5
2023-11-18,福井県,16,95,26,2992380,14
2023-11-18,山梨県,5,14,3,305800,3
2023-11-18,長野県,2,4,2,141700,2
2023-11-18,岐阜県,9,23,10,909570,9
2023-11-18,静岡県,10,34,12,1302710,10
2023-11-18,愛知県,24,94,28,3193700,23
2023-11-18,三重県,5,16,5,577200,5
2023-11-18,滋賀県,2,12,3,375420,2
2023-11-18,京都府,2,30,7,632600,2
2023-11-18,大阪府,18,57,20,2476775,18
2023-11-18,兵庫県,10,63,20,1987650,10
2023-11-18,奈良県,8,24,8,1033700,8
2023-11-18,和歌山県,5,12,5,507550,5
2023-11-18,鳥取県,1,40,11,880000,1
2023-11-18,島根県,2,5,2,199650,2
2023-11-18,岡山県,10,48,13,1978800,10
2023-11-18,広島県,3,12,4,502200,3
2023-11-18,山口県,4,14,4,457800,4
2023-11-18,徳島県,5,13,5,608000,4
2023-11-18,香川県,5,94,26,2257260,5
2023-11-18,愛媛県,3,37,10,1249400,3
2023-11-18,福岡県,1,3,1,110650,1
2023-11-18,大分県,1,2,1,94000,1
2023-11-18,宮崎県,1,6,2,204000,1
2023-11-18,鹿児島県,1,2,1,77300,1
2023-11-18,不明,163,652,133,18832607,162
2023-11-19,秋田県,1,3,1,79500,1
2023-11-19,栃木県,1,2,2,59700,1
2023-11-19,群馬県,1,3,1,88300,1
2023-11-19,埼玉県,6,16,7,444820,6
2023-11-19,千葉県,5,10,5,293250,5
2023-11-19,東京都,43,82,25,5280600,25
2023-11-19,神奈川県,3,5,3,125550,3
2023-11-19,新潟県,1,5,1,145360,1
2023-11-19,富山県,3,6,3,173900,3
2023-11-19,石川県,2,7,2,265650,2
2023-11-19,福井県,15,181,41,4150950,15
2023-11-19,山梨県,1,1,1,19800,1
2023-11-19,岐阜県,1,3,1,93800,1
2023-11-19,静岡県,2,7,2,282250,2
2023-11-19,愛知県,13,47,17,1324030,13
2023-11-19,三重県,10,78,20,1804950,10
2023-11-19,滋賀県,6,16,6,454640,6
2023-11-19,京都府,8,40,12,1245350,8
2023-11-19,大阪府,13,38,15,1040650,13
2023-11-19,兵庫県,12,56,11,1035664,11
2023-11-19,奈良県,4,16,5,664800,4
2023-11-19,和歌山県,6,18,8,555430,6
2023-11-19,鳥取県,1,2,1,70000,1
2023-11-19,島根県,1,2,1,90500,1
2023-11-19,岡山県,9,30,11,1045800,9
2023-11-19,広島県,2,4,2,173300,2
2023-11-19,山口県,1,2,1,82000,1
2023-11-19,徳島県,6,15,6,532550,6
2023-11-19,香川県,2,9,3,226618,2
2023-11-19,愛媛県,3,10,3,309000,3
2023-11-19,高知県,2,7,2,258000,2
2023-11-19,熊本県,1,2,1,72000,1
2023-11-19,宮崎県,1,29,7,638000,1
2023-11-19,不明,188,665,136,18433670,183
2023-11-20,北海道,1,4,1,99300,1
2023-11-20,青森県,1,3,1,67050,1
2023-11-20,山形県,1,2,1,86100,1
2023-11-20,埼玉県,1,13,5,255000,1
2023-11-20,千葉県,1,3,1,69420,1
2023-11-20,東京都,11,37,17,1164112,11
2023-11-20,神奈川県,3,6,3,235420,3
2023-11-20,富山県,3,9,3,218270,3
2023-11-20,石川県,1,2,1,61900,1
2023-11-20,福井県,7,82,22,2434720,7
2023-11-20,山梨県,1,2,1,58820,1
2023-11-20,長野県,2,4,2,114000,2
2023-11-20,岐阜県,2,4,2,131900,2
2023-11-20,静岡県,11,31,14,887910,10
2023-11-20,愛知県,13,36,14,1077870,13
2023-11-20,三重県,6,15,6,418350,6
2023-11-20,滋賀県,2,5,2,169340,2
2023-11-20,京都府,5,14,5,388700,5
2023-11-20,大阪府,4,12,5,389440,4
2023-11-20,兵庫県,11,35,9,873970,9
2023-11-20,奈良県,5,11,4,340230,5
2023-11-20,和歌山県,4,23,6,508850,4
2023-11-20,島根県,4,6,4,179000,4
2023-11-20,岡山県,8,54,14,1471760,8
2023-11-20,広島県,1,4,2,100000,1
2023-11-20,徳島県,1,3,1,72000,1
2023-11-20,香川県,4,6,4,235000,4
2023-11-20,愛媛県,4,7,4,207000,4
2023-11-20,福岡県,2,6,2,211100,2
2023-11-20,熊本県,1,2,1,74000,1
2023-11-20,大分県,1,2,1,55300,1
2023-11-20,不明,230,486,129,15020457,192
2023-11-21,北海道,1,3,1,90500,1
2023-11-21,福島県,2,8,4,256200,2
2023-11-21,埼玉県,1,2,1,53100,1
2023-11-21,千葉県,1,2,1,72900,1
2023-11-21,東京都,16,54,27,2199014,14
2023-11-21,神奈川県,4,8,6,195200,4
2023-11-21,石川県,3,8,3,195050,3
2023-11-21,福井県,13,206,31,6281240,13
2023-11-21,長野県,1,2,1,55300,1
2023-11-21,岐阜県,4,11,3,403780,3
2023-11-21,静岡県,3,6,3,218000,3
2023-11-21,愛知県,16,40,18,1320950,15
2023-11-21,三重県,6,17,7,392800,6
2023-11-21,滋賀県,5,17,6,377190,5
2023-11-21,京都府,3,17,4,380250,3
2023-11-21,大阪府,11,32,12,866100,11
2023-11-21,兵庫県,14,169,38,3007600,13
2023-11-21,奈良県,9,20,10,788540,9
2023-11-21,和歌山県,2,19,4,330820,2
2023-11-21,島根県,1,16,4,304000,1
2023-11-21,岡山県,3,4,2,128600,2
2023-11-21,広島県,1,2,1,64100,1
2023-11-21,山口県,1,2,1,72900,1
2023-11-21,徳島県,2,51,10,1316900,2
2023-11-21,香川県,7,8,5,219000,5
2023-11-21,愛媛県,9,17,8,522500,8
2023-11-21,高知県,1,2,1,50000,1
2023-11-21,福岡県,1,2,1,149900,1
2023-11-21,佐賀県,1,3,1,93000,1
2023-11-21,大分県,1,1,1,12500,1
2023-11-21,不明,214,477,104,13588976,182
2023-11-22,北海道,2,4,2,150200,2
2023-11-22,栃木県,1,2,1,121300,1
2023-11-22,千葉県,1,2,1,213700,1
2023-11-22,東京都,13,38,15,1248577,11
2023-11-22,神奈川県,3,13,3,346170,3
2023-11-22,新潟県,1,2,1,55300,1
2023-11-22,富山県,1,5,1,44750,1
2023-11-22,石川県,8,18,8,511520,8
2023-11-22,福井県,12,92,50,6037380,12
2023-11-22,山梨県,1,3,1,87450,1
2023-11-22,岐阜県,3,9,3,256900,3
2023-11-22,静岡県,10,25,12,807588,10
2023-11-22,愛知県,10,22,10,804400,10
2023-11-22,三重県,2,5,2,175320,2
2023-11-22,滋賀県,6,16,6,851010,6
2023-11-22,京都府,5,11,5,328700,5
2023-11-22,大阪府,11,34,11,893545,11
2023-11-22,兵庫県,19,162,39,3695400,18
2023-11-22,奈良県,3,13,5,360470,3
2023-11-22,和歌山県,6,15,6,539010,6
2023-11-22,鳥取県,2,4,2,199818,2
2023-11-22,岡山県,8,17,7,418000,6
2023-11-22,広島県,1,2,1,83900,1
2023-11-22,山口県,3,9,3,252391,3
2023-11-22,徳島県,2,7,2,145800,2
2023-11-22,香川県,1,3,1,96150,1
2023-11-22,高知県,1,4,1,132000,1
2023-11-22,不明,186,567,145,16300005,161
2023-11-23,茨城県,1,2,1,14930,1
2023-11-23,埼玉県,2,4,2,86400,2
2023-11-23,千葉県,7,14,7,437694,7
2023-11-23,東京都,31,96,46,5517230,24
2023-11-23,神奈川県,2,5,2,130500,2
2023-11-23,新潟県,1,4,1,81560,1
2023-11-23,富山県,2,1,1,25600,1
2023-11-23,石川県,2,8,2,215550,2
2023-11-23,福井県,7,72,18,1563370,7
2023-11-23,山梨県,1,5,1,138250,1
2023-11-23,長野県,1,4,1,96000,1
2023-11-23,岐阜県,12,55,22,1727641,11
2023-11-23,静岡県,14,48,14,1701040,13
2023-11-23,愛知県,24,82,28,2585909,22
2023-11-23,三重県,6,18,6,602340,6
2023-11-23,滋賀県,1,3,1,156000,1
2023-11-23,京都府,4,10,4,272800,4
2023-11-23,大阪府,20,56,19,1816370,19
2023-11-23,兵庫県,14,41,12,2158850,11
2023-11-23,奈良県,8,17,7,647910,7
2023-11-23,和歌山県,6,15,4,427650,4
2023-11-23,鳥取県,1,4,1,136000,1
2023-11-23,島根県,3,8,3,268000,3
2023-11-23,岡山県,22,80,28,2193500,18
2023-11-23,広島県,3,9,3,373270,3
2023-11-23,山口県,3,12,4,358364,3
2023-11-23,徳島県,3,9,3,241364,3
2023-11-23,香川県,8,35,10,1098418,8
2023-11-23,愛媛県,5,13,6,475000,5
2023-11-23,高知県,1,2,1,88000,1
2023-11-23,福岡県,1,3,1,75000,1
2023-11-23,佐賀県,1,2,1,62000,1
2023-11-23,長崎県,1,2,1,52000,1
2023-11-23,大分県,2,5,2,141636,2
2023-11-23,宮崎県,1,2,1,88000,1
2023-11-23,鹿児島県,1,2,1,68000,1
2023-11-23,沖縄県,1,4,1,16140,1
2023-11-23,不明,249,637,139,16776335,219
2023-11-24,北海道,6,18,8,365950,4
2023-11-24,福島県,1,1,1,49650,1
2023-11-24,群馬県,1,2,1,77300,1
2023-11-24,埼玉県,2,5,2,96600,2
2023-11-24,東京都,19,59,30,1826230,19
2023-11-24,神奈川県,7,16,7,559960,6
2023-11-24,富山県,1,2,1,79900,1
2023-11-24,石川県,2,4,2,110300,2
2023-11-24,福井県,9,142,29,3844223,9
2023-11-24,山梨県,2,6,2,193070,2
2023-11-24,岐阜県,1,3,1,78000,1
2023-11-24,静岡県,13,35,12,1157990,13
2023-11-24,愛知県,32,103,35,3478268,31
2023-11-24,三重県,7,20,7,575460,7
2023-11-24,滋賀県,6,20,7,774550,5
2023-11-24,大阪府,5,17,5,467115,5
2023-11-24,兵庫県,11,64,17,1592200,11
2023-11-24,奈良県,6,15,6,424550,6
2023-11-24,和歌山県,1,2,1,99300,1
2023-11-24,鳥取県,2,5,2,148700,2
2023-11-24,島根県,2,4,2,98800,2
2023-11-24,岡山県,16,47,15,1546922,12
2023-11-24,広島県,3,9,3,354700,3
2023-11-24,山口県,3,8,3,289000,3
2023-11-24,徳島県,3,7,3,313370,3
2023-11-24,香川県,4,15,5,476000,4
2023-11-24,愛媛県,6,15,6,510000,6
2023-11-24,福岡県,1,5,1,189210,1
2023-11-24,熊本県,1,2,1,62000,1
2023-11-24,大分県,2,11,2,259000,2
2023-11-24,不明,247,703,158,21424955,213
2023-11-25,UAE,1,1,1,34250,1
2023-11-25,北海道,1,2,1,57500,1
2023-11-25,茨城県,1,6,2,460400,1
2023-11-25,埼玉県,2,3,1,222900,1
2023-11-25,千葉県,1,2,1,99300,1
2023-11-25,東京都,5,11,5,361340,5
2023-11-25,神奈川県,2,18,5,821650,2
2023-11-25,新潟県,1,3,1,122550,1
2023-11-25,富山県,2,6,2,283050,2
2023-11-25,石川県,5,17,5,606340,5
2023-11-25,福井県,19,237,50,6196020,19
2023-11-25,長野県,2,7,2,227500,2
2023-11-25,岐阜県,2,6,2,226900,2
2023-11-25,静岡県,11,38,14,1584110,11
2023-11-25,愛知県,16,70,20,2276220,15
2023-11-25,三重県,2,31,11,317700,2
2023-11-25,京都府,6,27,9,1211290,6
2023-11-25,大阪府,6,17,6,836350,6
2023-11-25,兵庫県,12,143,38,3887550,12
2023-11-25,奈良県,7,17,7,602010,7
2023-11-25,和歌山県,3,17,5,869680,3
2023-11-25,鳥取県,4,18,5,519600,4
2023-11-25,島根県,1,4,1,116600,1
2023-11-25,岡山県,7,49,11,1452300,7
2023-11-25,広島県,1,3,1,120000,1
2023-11-25,徳島県,1,4,1,126000,1
2023-11-25,香川県,8,101,25,2903500,8
2023-11-25,愛媛県,1,2,1,114000,1
2023-11-25,鹿児島県,1,5,2,320000,1
2023-11-25,沖縄県,1,5,2,221500,1
2023-11-25,不明,227,836,200,23030213,198
2023-11-26,UAE,1,1,1,34250,1
2023-11-26,秋田県,1,14,3,279300,1
2023-11-26,埼玉県,1,2,1,54500,1
2023-11-26,東京都,15,52,31,2474667,13
2023-11-26,神奈川県,2,4,2,141400,2
2023-11-26,石川県,4,14,5,447080,4
2023-11-26,福井県,13,99,24,2493300,13
2023-11-26,山梨県,1,2,1,71100,1
2023-11-26,長野県,4,4,2,98200,2
2023-11-26,岐阜県,3,6,3,446950,3
2023-11-26,静岡県,6,20,8,658100,6
2023-11-26,愛知県,15,47,16,1615303,15
2023-11-26,三重県,3,8,3,308700,3
2023-11-26,滋賀県,7,34,9,1414530,7
2023-11-26,京都府,2,4,2,118900,2
2023-11-26,大阪府,13,55,18,1371121,13
2023-11-26,兵庫県,16,72,23,1808573,16
2023-11-26,奈良県,5,15,5,424950,5
2023-11-26,和歌山県,3,27,6,730050,3
2023-11-26,鳥取県,4,18,5,433000,4
2023-11-26,島根県,1,4,1,96000,1
2023-11-26,岡山県,7,17,6,522118,6
2023-11-26,広島県,2,19,5,395000,2
2023-11-26,山口県,1,2,1,66300,1
2023-11-26,徳島県,3,6,3,199900,3
2023-11-26,香川県,4,46,16,1462000,4
2023-11-26,愛媛県,2,8,2,269000,2
2023-11-26,大分県,2,4,2,102000,2
2023-11-26,不明,202,615,107,17971214,183
2023-11-27,UAE,1,1,1,34250,1
2023-11-27,福島県,5,10,4,246300,3
2023-11-27,栃木県,2,4,2,106200,2
2023-11-27,埼玉県,3,5,3,167070,3
2023-11-27,千葉県,5,11,5,317090,5
2023-11-27,東京都,5,11,5,378950,5
2023-11-27,神奈川県,4,8,4,227320,4
2023-11-27,富山県,2,24,7,479900,2
2023-11-27,石川県,3,20,12,564450,3
2023-11-27,福井県,8,25,9,814190,8
2023-11-27,山梨県,2,5,2,151700,2
2023-11-27,長野県,2,4,2,144900,2
2023-11-27,岐阜県,3,10,3,299420,3
2023-11-27,静岡県,6,13,6,444160,6
2023-11-27,愛知県,16,40,17,1254150,15
2023-11-27,三重県,5,12,5,631050,5
2023-11-27,滋賀県,1,2,1,77300,1
2023-11-27,京都府,3,7,3,212050,3
2023-11-27,大阪府,11,24,9,760120,9
2023-11-27,兵庫県,4,38,10,726000,4
2023-11-27,和歌山県,1,2,1,66000,1
2023-11-27,岡山県,4,9,4,250000,4
2023-11-27,広島県,1,2,1,76000,1
2023-11-27,山口県,3,24,7,216000,3
2023-11-27,徳島県,3,12,4,367400,3
2023-11-27,香川県,3,8,3,209900,3
2023-11-27,愛媛県,1,2,1,84000,1
2023-11-27,長崎県,2,4,2,96000,2
2023-11-27,熊本県,1,3,1,78000,1
2023-11-27,大分県,1,1,1,30000,1
2023-11-27,宮崎県,1,1,1,30000,1
2023-11-27,不明,134,346,88,11063450,117
2023-11-28,埼玉県,3,24,9,543000,3
2023-11-28,千葉県,1,2,1,79900,1
2023-11-28,東京都,5,11,3,338470,3
2023-11-28,神奈川県,3,7,3,268570,3
2023-11-28,富山県,4,11,5,307175,4
2023-11-28,石川県,6,14,6,458600,6
2023-11-28,福井県,4,108,22,304400,4
2023-11-28,山梨県,2,4,2,306400,2
2023-11-28,岐阜県,1,2,1,314900,1
2023-11-28,静岡県,1,3,1,123000,1
2023-11-28,愛知県,9,20,9,586550,8
2023-11-28,三重県,1,2,1,50000,1
2023-11-28,滋賀県,7,22,7,692390,7
2023-11-28,京都府,6,16,7,506295,6
2023-11-28,大阪府,7,18,11,770350,5
2023-11-28,兵庫県,7,27,7,790759,7
2023-11-28,奈良県,4,17,4,545264,4
2023-11-28,和歌山県,5,12,5,568750,5
2023-11-28,鳥取県,1,2,1,68000,1
2023-11-28,島根県,1,3,1,102000,1
2023-11-28,岡山県,6,10,6,323500,6
2023-11-28,広島県,2,5,2,154900,2
2023-11-28,山口県,2,18,4,0,1
2023-11-28,徳島県,3,9,3,218000,3
2023-11-28,香川県,6,13,6,406000,6
2023-11-28,愛媛県,1,2,1,44000,1
2023-11-28,高知県,1,3,1,51750,1
2023-11-28,福岡県,2,4,2,95270,2
2023-11-28,大分県,3,6,3,210500,3
2023-11-28,不明,116,313,86,10188698,103
2023-11-29,山形県,1,4,1,145800,1
2023-11-29,福島県,1,2,1,180700,1
2023-11-29,埼玉県,1,2,1,68500,1
2023-11-29,千葉県,2,4,2,97800,2
2023-11-29,東京都,13,16,7,565300,7
2023-11-29,富山県,2,6,2,124900,2
2023-11-29,石川県,1,2,1,46000,1
2023-11-29,福井県,8,27,8,918150,8
2023-11-29,山梨県,1,2,1,99300,1
2023-11-29,長野県,1,2,1,77300,1
2023-11-29,岐阜県,1,2,1,45000,1
2023-11-29,静岡県,4,11,4,288600,4
2023-11-29,愛知県,12,25,13,804565,12
2023-11-29,三重県,4,8,4,285000,4
2023-11-29,京都府,4,9,4,420520,4
2023-11-29,大阪府,7,20,7,730670,7
2023-11-29,兵庫県,7,26,8,563770,7
2023-11-29,奈良県,2,4,2,130800,2
2023-11-29,和歌山県,1,2,1,50000,1
2023-11-29,島根県,1,2,1,54000,1
2023-11-29,岡山県,3,6,3,242000,3
2023-11-29,広島県,3,19,6,445000,3
2023-11-29,山口県,1,3,1,102000,1
2023-11-29,徳島県,1,2,1,64000,1
2023-11-29,香川県,3,6,3,200000,3
2023-11-29,高知県,1,3,1,108000,1
2023-11-29,不明,116,321,77,11270793,108
2023-11-30,福島県,1,2,1,44300,1
2023-11-30,栃木県,1,2,1,193900,1
2023-11-30,群馬県,1,2,1,68500,1
2023-11-30,埼玉県,4,6,2,174550,2
2023-11-30,東京都,5,11,5,389800,5
2023-11-30,神奈川県,1,3,1,89550,1
2023-11-30,富山県,1,3,1,74550,1
2023-11-30,福井県,5,97,16,1389550,5
2023-11-30,山梨県,1,1,1,14500,1
2023-11-30,岐阜県,2,6,3,445300,2
2023-11-30,静岡県,1,2,1,300,1
2023-11-30,愛知県,7,18,6,465550,5
2023-11-30,三重県,3,8,3,252600,3
2023-11-30,滋賀県,2,5,2,106970,2
2023-11-30,京都府,3,6,3,117900,3
2023-11-30,大阪府,3,7,3,174850,3
2023-11-30,兵庫県,4,47,18,1142750,4
2023-11-30,奈良県,5,12,5,555300,5
2023-11-30,和歌山県,2,5,2,160250,2
2023-11-30,岡山県,4,7,4,243350,4
2023-11-30,香川県,1,2,1,48000,1
2023-11-30,愛媛県,1,2,1,44000,1
2023-11-30,不明,100,285,60,10346905,89
2023-12-01,山形県,1,2,1,165300,1
2023-12-01,群馬県,2,5,2,299950,2
2023-12-01,東京都,4,12,4,848550,4
2023-12-01,神奈川県,1,2,1,191700,1
2023-12-01,富山県,1,2,1,77300,1
2023-12-01,福井県,12,300,62,4107550,12
2023-12-01,岐阜県,2,6,2,264900,2
2023-12-01,静岡県,3,6,3,278050,3
2023-12-01,愛知県,11,26,11,812700,11
2023-12-01,三重県,4,11,4,408450,4
2023-12-01,滋賀県,1,2,1,103700,1
2023-12-01,京都府,7,11,5,259150,5
2023-12-01,大阪府,5,12,6,684790,5
2023-12-01,兵庫県,8,222,45,3699400,8
2023-12-01,奈良県,4,8,4,426600,4
2023-12-01,和歌山県,2,6,2,214700,2
2023-12-01,鳥取県,2,14,3,358000,2
2023-12-01,岡山県,4,39,10,859720,4
2023-12-01,山口県,4,13,4,462000,4
2023-12-01,徳島県,1,8,2,256000,1
2023-12-01,香川県,4,54,13,2111200,4
2023-12-01,福岡県,1,4,1,160000,1
2023-12-01,大分県,1,3,1,120000,1
2023-12-01,不明,136,469,93,13200129,121
2023-12-02,茨城県,1,2,1,58300,1
2023-12-02,埼玉県,1,2,1,81700,1
2023-12-02,東京都,7,18,7,673870,7
2023-12-02,神奈川県,6,22,8,1009230,6
2023-12-02,新潟県,1,4,1,167800,1
2023-12-02,富山県,5,19,5,563010,5
2023-12-02,石川県,5,19,5,811850,5
2023-12-02,福井県,19,406,73,10542070,17
2023-12-02,山梨県,1,2,1,88300,1
2023-12-02,長野県,4,6,2,229400,2
2023-12-02,岐阜県,2,8,2,278320,2
2023-12-02,静岡県,6,15,6,715550,6
2023-12-02,愛知県,5,14,5,642980,5
2023-12-02,三重県,3,12,3,626260,3
2023-12-02,滋賀県,8,28,10,1038900,8
2023-12-02,京都府,2,12,2,418990,2
2023-12-02,大阪府,7,36,12,1932830,7
2023-12-02,兵庫県,12,135,31,3406059,12
2023-12-02,奈良県,9,27,9,1199450,7
2023-12-02,和歌山県,2,4,2,420800,2
2023-12-02,鳥取県,3,10,3,460000,3
2023-12-02,岡山県,11,41,13,1672200,11
2023-12-02,広島県,1,5,1,225000,1
2023-12-02,山口県,2,12,2,589000,2
2023-12-02,徳島県,3,49,12,1062000,3
2023-12-02,香川県,6,35,8,998945,6
2023-12-02,愛媛県,2,4,2,238000,2
2023-12-02,高知県,2,32,6,900000,2
2023-12-02,鹿児島県,1,2,1,92700,1
2023-12-02,沖縄県,1,2,1,114000,1
2023-12-02,不明,177,608,120,18834457,165
2023-12-03,山形県,1,3,1,163360,1
2023-12-03,栃木県,4,4,2,200800,2
2023-12-03,埼玉県,2,4,2,321800,2
2023-12-03,千葉県,2,4,2,139200,2
2023-12-03,東京都,3,9,2,323650,3
2023-12-03,神奈川県,4,12,4,422000,4
2023-12-03,富山県,5,10,5,327100,5
2023-12-03,石川県,4,9,4,331750,4
2023-12-03,福井県,14,172,35,5249550,14
2023-12-03,岐阜県,3,8,4,224200,3
2023-12-03,静岡県,12,30,12,945420,12
2023-12-03,愛知県,9,30,10,1268420,9
2023-12-03,三重県,2,5,2,156950,2
2023-12-03,滋賀県,2,4,2,117200,2
2023-12-03,京都府,3,6,3,286900,3
2023-12-03,大阪府,6,21,8,785750,6
2023-12-03,兵庫県,9,82,17,1605230,9
2023-12-03,奈良県,2,8,2,395050,2
2023-12-03,和歌山県,1,2,1,64100,1
2023-12-03,鳥取県,1,2,1,78000,1
2023-12-03,岡山県,4,25,9,548000,4
2023-12-03,広島県,3,7,3,236500,3
2023-12-03,山口県,2,15,5,398500,2
2023-12-03,徳島県,4,39,9,915300,4
2023-12-03,香川県,2,5,2,158000,2
2023-12-03,愛媛県,4,17,7,435200,4
2023-12-03,福岡県,2,6,2,143600,2
2023-12-03,宮崎県,1,20,5,440000,1
2023-12-03,鹿児島県,1,1,1,49650,1
2023-12-03,不明,157,421,96,10702197,146
2023-12-04,岩手県,1,2,1,72900,1
2023-12-04,埼玉県,1,2,1,50900,1
2023-12-04,千葉県,2,5,2,148150,2
2023-12-04,東京都,2,4,2,346000,2
2023-12-04,新潟県,1,3,1,102000,1
2023-12-04,富山県,1,2,1,83900,1
2023-12-04,石川県,4,10,4,229399,4
2023-12-04,福井県,10,116,24,2383980,10
2023-12-04,岐阜県,3,6,3,216900,3
2023-12-04,静岡県,4,11,4,582250,4
2023-12-04,愛知県,10,31,11,1320126,10
2023-12-04,三重県,6,15,7,521870,6
2023-12-04,滋賀県,4,9,4,276750,4
2023-12-04,京都府,4,8,4,308820,4
2023-12-04,大阪府,8,21,8,610650,8
2023-12-04,兵庫県,6,30,8,626170,6
2023-12-04,奈良県,1,2,1,61040,1
2023-12-04,和歌山県,1,2,1,80000,1
2023-12-04,鳥取県,1,2,1,76000,1
2023-12-04,岡山県,4,9,4,330000,4
2023-12-04,山口県,1,2,1,68500,1
2023-12-04,徳島県,1,4,1,104000,1
2023-12-04,香川県,2,4,2,152000,2
2023-12-04,愛媛県,3,7,3,212000,3
2023-12-04,高知県,1,2,1,62000,1
2023-12-04,宮崎県,1,2,1,213700,1
2023-12-04,鹿児島県,1,4,1,124000,1
2023-12-04,不明,71,363,41,8230221,63
2023-12-05,宮城県,1,22,11,531300,1
2023-12-05,千葉県,1,2,1,209300,1
2023-12-05,東京都,5,15,10,1076550,4
2023-12-05,神奈川県,1,2,1,68000,1
2023-12-05,石川県,5,11,5,377920,5
2023-12-05,福井県,6,122,37,3904200,6
2023-12-05,山梨県,1,1,1,12150,1
2023-12-05,岐阜県,2,4,2,128200,2
2023-12-05,静岡県,2,4,2,246120,2
2023-12-05,愛知県,6,22,9,562800,6
2023-12-05,三重県,1,2,1,80000,1
2023-12-05,滋賀県,2,9,2,266150,2
2023-12-05,京都府,1,2,1,77300,1
2023-12-05,大阪府,3,6,3,192000,3
2023-12-05,兵庫県,3,69,14,1197000,3
2023-12-05,奈良県,2,5,2,326350,2
2023-12-05,和歌山県,1,2,1,72900,1
2023-12-05,岡山県,5,8,4,370000,4
2023-12-05,広島県,1,2,1,56000,1
2023-12-05,山口県,2,6,2,198000,2
2023-12-05,香川県,4,7,3,201000,3
2023-12-05,高知県,1,2,1,46000,1
2023-12-05,福岡県,1,2,1,48700,1
2023-12-05,不明,60,341,45,7304059,52
2023-12-06,宮城県,1,2,1,58820,1
2023-12-06,秋田県,1,15,3,282750,1
2023-12-06,群馬県,1,3,1,307350,1
2023-12-06,埼玉県,2,4,2,220600,2
2023-12-06,千葉県,1,2,1,112000,1
2023-12-06,東京都,4,13,5,446130,4
2023-12-06,神奈川県,1,4,1,211800,1
2023-12-06,富山県,1,9,1,123300,1
2023-12-06,石川県,1,5,1,99770,1
2023-12-06,福井県,5,51,12,1193480,5
2023-12-06,岐阜県,6,19,6,563729,6
2023-12-06,愛知県,5,11,7,890550,5
2023-12-06,三重県,2,4,2,149300,2
2023-12-06,滋賀県,3,10,3,228400,3
2023-12-06,京都府,5,17,7,522700,5
2023-12-06,大阪府,5,16,6,420830,5
2023-12-06,兵庫県,11,76,23,1577900,9
2023-12-06,鳥取県,1,2,1,63000,1
2023-12-06,島根県,1,2,1,66000,1
2023-12-06,岡山県,1,8,3,269600,1
2023-12-06,広島県,3,8,3,243800,3
2023-12-06,山口県,2,5,2,137400,2
2023-12-06,徳島県,1,2,1,58000,1
2023-12-06,香川県,3,9,3,287800,3
2023-12-06,高知県,1,3,1,81000,1
2023-12-06,宮崎県,1,2,1,54000,1
2023-12-06,不明,87,309,64,9906605,75
2023-12-07,宮城県,1,2,1,61900,1
2023-12-07,山形県,1,2,1,61900,1
2023-12-07,東京都,4,28,13,1293400,4
2023-12-07,神奈川県,3,3,3,76350,3
2023-12-07,石川県,1,3,1,73050,1
2023-12-07,福井県,4,196,34,1639900,4
2023-12-07,岐阜県,5,13,5,361850,5
2023-12-07,静岡県,2,4,2,173500,2
2023-12-07,愛知県,4,10,4,226200,4
2023-12-07,三重県,3,9,3,231760,3
2023-12-07,京都府,1,3,1,62373,1
2023-12-07,大阪府,5,9,5,391095,5
2023-12-07,兵庫県,5,18,8,580400,5
2023-12-07,奈良県,2,4,2,195800,2
2023-12-07,鳥取県,1,2,1,56000,1
2023-12-07,岡山県,3,11,3,271500,3
2023-12-07,広島県,1,2,1,72900,1
2023-12-07,徳島県,2,5,2,249900,2
2023-12-07,香川県,1,2,1,112000,1
2023-12-07,愛媛県,1,3,1,66000,1
2023-12-07,大分県,1,2,1,60000,1
2023-12-07,宮崎県,2,2,1,54000,1
2023-12-07,不明,73,265,31,7481745,64
2023-12-08,千葉県,1,2,1,24500,1
2023-12-08,東京都,4,26,17,1618910,4
2023-12-08,富山県,1,2,1,72900,1
2023-12-08,石川県,5,18,7,576850,5
2023-12-08,福井県,12,368,62,8331070,12
2023-12-08,長野県,3,6,3,202300,3
2023-12-08,岐阜県,3,10,3,452300,3
2023-12-08,静岡県,1,2,1,77300,1
2023-12-08,愛知県,7,21,8,751100,7
2023-12-08,滋賀県,1,2,1,52000,1
2023-12-08,京都府,1,20,4,520000,1
2023-12-08,大阪府,3,11,4,314020,3
2023-12-08,兵庫県,11,266,55,5559680,11
2023-12-08,奈良県,4,9,4,479850,4
2023-12-08,和歌山県,1,2,1,321500,1
2023-12-08,島根県,1,2,1,102000,1
2023-12-08,岡山県,3,25,6,577900,3
2023-12-08,広島県,1,4,2,224000,1
2023-12-08,香川県,2,4,2,100618,2
2023-12-08,高知県,1,4,1,100000,1
2023-12-08,沖縄県,1,2,1,80000,1
2023-12-08,不明,158,642,96,16494358,145
2023-12-09,北海道,1,5,1,803750,1
2023-12-09,茨城県,1,2,1,60500,1
2023-12-09,千葉県,1,4,2,299000,1
2023-12-09,東京都,9,24,9,1084380,9
2023-12-09,神奈川県,6,13,6,536900,6
2023-12-09,新潟県,1,2,1,70700,1
2023-12-09,富山県,1,3,1,155650,1
2023-12-09,石川県,4,10,4,311800,4
2023-12-09,福井県,22,287,66,8580700,21
2023-12-09,山梨県,1,4,1,134060,1
2023-12-09,長野県,2,6,3,359500,2
2023-12-09,岐阜県,1,3,1,67400,1
2023-12-09,静岡県,3,8,3,263800,3
2023-12-09,愛知県,6,16,6,650930,6
2023-12-09,三重県,2,7,2,171320,2
2023-12-09,滋賀県,2,6,2,251700,2
2023-12-09,京都府,2,6,2,175550,2
2023-12-09,大阪府,11,34,11,1245311,11
2023-12-09,兵庫県,10,223,41,5176550,10
2023-12-09,奈良県,3,10,4,410620,3
2023-12-09,和歌山県,5,13,5,426710,5
2023-12-09,岡山県,6,91,24,2599473,6
2023-12-09,山口県,2,5,2,175000,2
2023-12-09,香川県,6,18,7,748000,6
2023-12-09,愛媛県,2,58,11,1302000,2
2023-12-09,高知県,3,9,3,360000,3
2023-12-09,佐賀県,1,2,1,70500,1
2023-12-09,不明,195,722,129,20010421,188
2023-12-10,千葉県,1,2,1,110300,1
2023-12-10,東京都,4,8,4,368200,4
2023-12-10,神奈川県,2,4,2,196400,2
2023-12-10,新潟県,1,2,1,81700,1
2023-12-10,富山県,1,4,1,101800,1
2023-12-10,石川県,2,8,3,215280,2
2023-12-10,福井県,7,74,18,1719030,7
2023-12-10,岐阜県,1,3,1,24210,1
2023-12-10,静岡県,5,11,5,492350,5
2023-12-10,愛知県,6,26,13,910750,6
2023-12-10,三重県,2,3,2,69800,2
2023-12-10,滋賀県,7,21,9,623630,7
2023-12-10,京都府,4,14,4,368320,4
2023-12-10,大阪府,12,70,34,3298950,10
2023-12-10,兵庫県,9,75,25,1412000,9
2023-12-10,奈良県,2,4,2,167800,2
2023-12-10,和歌山県,2,5,2,189900,2
2023-12-10,鳥取県,1,2,1,72000,1
2023-12-10,岡山県,4,30,7,975650,4
2023-12-10,広島県,2,5,2,153270,2
2023-12-10,徳島県,2,5,2,167000,2
2023-12-10,香川県,3,15,4,332500,3
2023-12-10,愛媛県,1,2,1,55800,1
2023-12-10,不明,158,572,112,15258540,134
2023-12-11,栃木県,1,2,1,68500,1
2023-12-11,東京都,3,6,3,394700,3
2023-12-11,神奈川県,1,2,1,83900,1
2023-12-11,富山県,1,4,1,66600,1
2023-12-11,石川県,3,14,12,368800,3
2023-12-11,福井県,5,46,12,1420550,5
2023-12-11,岐阜県,1,2,1,46800,1
2023-12-11,静岡県,3,9,3,219950,3
2023-12-11,愛知県,1,3,1,97500,1
2023-12-11,三重県,6,10,5,392250,5
2023-12-11,滋賀県,1,2,1,46900,1
2023-12-11,京都府,2,5,2,152950,2
2023-12-11,大阪府,2,4,2,150200,2
2023-12-11,兵庫県,3,31,9,658820,3
2023-12-11,和歌山県,2,5,2,154950,2
2023-12-11,島根県,1,2,1,46000,1
2023-12-11,徳島県,1,2,1,76000,1
2023-12-11,愛媛県,1,2,1,62000,1
2023-12-11,不明,120,271,79,9462805,86
2023-12-12,東京都,1,2,1,207100,1
2023-12-12,神奈川県,1,2,1,48700,1
2023-12-12,石川県,3,6,3,227500,3
2023-12-12,福井県,6,125,20,2099050,6
2023-12-12,長野県,1,2,1,140000,1
2023-12-12,岐阜県,2,2,1,46800,1
2023-12-12,愛知県,5,36,19,2173060,5
2023-12-12,三重県,1,4,2,101800,1
2023-12-12,京都府,2,4,2,218400,2
2023-12-12,大阪府,2,8,2,177550,2
2023-12-12,兵庫県,1,2,1,60000,1
2023-12-12,鳥取県,1,4,2,152000,1
2023-12-12,島根県,2,2,1,52000,1
2023-12-12,岡山県,3,6,3,269960,3
2023-12-12,大分県,1,3,1,66000,1
2023-12-12,不明,87,215,40,7244630,62
2023-12-13,埼玉県,1,1,1,46350,1
2023-12-13,千葉県,1,2,1,55300,1
2023-12-13,東京都,1,3,1,73050,1
2023-12-13,富山県,1,2,1,77300,1
2023-12-13,石川県,2,4,2,121670,2
2023-12-13,福井県,5,12,5,433400,5
2023-12-13,岐阜県,2,4,2,118000,2
2023-12-13,静岡県,2,4,2,89820,2
2023-12-13,愛知県,4,7,4,285750,4
2023-12-13,三重県,1,2,1,72000,1
2023-12-13,大阪府,1,2,1,103700,1
2023-12-13,兵庫県,2,96,17,1012000,2
2023-12-13,和歌山県,4,424,94,6077550,2
2023-12-13,岡山県,3,46,10,1017300,3
2023-12-13,広島県,1,1,1,13500,1
2023-12-13,山口県,1,3,1,81000,1
2023-12-13,香川県,2,5,2,234000,2
2023-12-13,鹿児島県,1,2,1,53100,1
2023-12-13,沖縄県,1,2,1,187300,1
2023-12-13,不明,80,391,45,11327340,56
2023-12-14,千葉県,1,2,1,83900,1
2023-12-14,東京都,6,15,7,1186950,6
2023-12-14,神奈川県,5,15,5,476160,5
2023-12-14,新潟県,1,2,1,185100,1
2023-12-14,石川県,1,2,1,48370,1
2023-12-14,福井県,3,7,3,187550,3
2023-12-14,岐阜県,1,4,1,93800,1
2023-12-14,静岡県,2,4,2,239100,2
2023-12-14,愛知県,6,14,6,406940,6
2023-12-14,京都府,3,8,3,219050,3
2023-12-14,大阪府,2,6,2,158820,2
2023-12-14,兵庫県,2,36,7,747150,2
2023-12-14,奈良県,1,2,1,61270,1
2023-12-14,鳥取県,1,3,1,103700,1
2023-12-14,徳島県,2,9,3,245000,2
2023-12-14,香川県,1,2,1,41400,1
2023-12-14,不明,75,284,34,8509279,56
2023-12-15,千葉県,1,2,1,72900,1
2023-12-15,東京都,1,2,1,103700,1
2023-12-15,新潟県,1,2,1,72900,1
2023-12-15,石川県,1,4,1,102380,1
2023-12-15,福井県,17,263,65,5344590,17
2023-12-15,山梨県,1,2,1,224500,1
2023-12-15,静岡県,2,5,2,166541,2
2023-12-15,愛知県,2,4,2,128200,2
2023-12-15,滋賀県,3,9,3,314700,3
2023-12-15,京都府,1,4,1,100000,1
2023-12-15,大阪府,5,21,12,1187290,5
2023-12-15,兵庫県,9,264,62,5558100,9
2023-12-15,和歌山県,4,8,4,531100,4
2023-12-15,岡山県,3,25,7,538000,3
2023-12-15,徳島県,1,2,1,92000,1
2023-12-15,香川県,1,2,1,72000,1
2023-12-15,愛媛県,3,9,3,241000,3
2023-12-15,不明,131,635,89,15698548,113
2023-12-16,埼玉県,1,4,1,163400,1
2023-12-16,千葉県,3,6,3,354900,3
2023-12-16,東京都,7,24,7,1097560,7
2023-12-16,富山県,1,4,1,104845,1
2023-12-16,石川県,2,6,3,278100,2
2023-12-16,福井県,20,247,59,7405820,20
2023-12-16,岐阜県,5,16,6,908400,5
2023-12-16,静岡県,5,14,5,598200,5
2023-12-16,愛知県,12,42,14,1746467,12
2023-12-16,三重県,1,2,1,88300,1
2023-12-16,滋賀県,6,16,6,570650,6
2023-12-16,京都府,8,33,10,1098350,8
2023-12-16,大阪府,8,19,8,875380,8
2023-12-16,兵庫県,11,123,27,2962885,11
2023-12-16,奈良県,7,19,7,892050,7
2023-12-16,和歌山県,5,10,5,773070,5
2023-12-16,鳥取県,1,3,1,132000,1
2023-12-16,広島県,1,3,1,112500,1
2023-12-16,山口県,1,2,1,64000,1
2023-12-16,徳島県,5,17,5,619000,5
2023-12-16,香川県,2,6,2,228000,2
2023-12-16,愛媛県,3,7,3,257000,3
2023-12-16,高知県,3,7,4,446000,3
2023-12-16,福岡県,1,5,2,197000,1
2023-12-16,不明,202,639,129,21061474,180
2023-12-17,茨城県,1,3,1,97850,1
2023-12-17,東京都,5,12,5,469920,5
2023-12-17,福井県,7,144,30,3053650,7
2023-12-17,山梨県,1,2,1,105900,1
2023-12-17,静岡県,4,15,4,489350,4
2023-12-17,愛知県,7,16,7,583250,7
2023-12-17,三重県,1,2,1,77300,1
2023-12-17,京都府,1,4,1,166800,1
2023-12-17,大阪府,7,21,9,806450,7
2023-12-17,兵庫県,7,10,5,353800,5
2023-12-17,奈良県,1,2,1,110300,1
2023-12-17,山口県,2,6,2,218000,2
2023-12-17,香川県,1,2,1,48000,1
2023-12-17,愛媛県,2,3,2,135877,2
2023-12-17,高知県,1,6,1,234000,1
2023-12-17,不明,121,356,59,11585478,99
2023-12-18,福島県,1,3,1,86100,1
2023-12-18,群馬県,1,13,8,534950,1
2023-12-18,東京都,6,31,14,1188250,6
2023-12-18,富山県,1,3,1,122550,1
2023-12-18,石川県,3,10,3,373700,3
2023-12-18,福井県,4,12,6,409600,4
2023-12-18,愛知県,2,5,3,143640,2
2023-12-18,滋賀県,1,3,1,70700,1
2023-12-18,京都府,2,4,2,125900,2
2023-12-18,大阪府,2,4,2,95270,2
2023-12-18,兵庫県,4,23,7,417800,4
2023-12-18,山口県,1,2,1,34200,1
2023-12-18,徳島県,3,9,3,307500,3
2023-12-18,香川県,1,2,1,64000,1
2023-12-18,大分県,1,3,1,69000,1
2023-12-18,不明,83,208,60,7477308,58
2023-12-19,神奈川県,1,2,1,185100,1
2023-12-19,福井県,5,133,11,2582880,5
2023-12-19,愛知県,1,6,1,134950,1
2023-12-19,滋賀県,1,3,1,75690,1
2023-12-19,大阪府,1,2,1,61900,1
2023-12-19,鳥取県,1,2,1,74000,1
2023-12-19,大分県,1,2,1,57500,1
2023-12-19,不明,47,170,26,6548980,42
2023-12-20,千葉県,1,2,1,77300,1
2023-12-20,東京都,1,2,1,72900,1
2023-12-20,富山県,1,7,1,109550,1
2023-12-20,石川県,6,21,6,490960,6
2023-12-20,福井県,3,62,14,1419700,3
2023-12-20,岐阜県,3,5,3,121800,3
2023-12-20,滋賀県,1,2,1,74900,1
2023-12-20,京都府,2,19,5,339550,2
2023-12-20,大阪府,1,4,1,145800,1
2023-12-20,兵庫県,1,4,1,145800,1
2023-12-20,鳥取県,1,2,1,207100,1
2023-12-20,岡山県,1,2,1,40000,1
2023-12-20,香川県,2,8,4,186000,2
2023-12-20,不明,46,171,43,6477070,40
2023-12-21,東京都,1,2,1,48700,1
2023-12-21,神奈川県,2,7,2,306700,2
2023-12-21,富山県,1,2,1,46900,1
2023-12-21,石川県,1,3,1,89550,1
2023-12-21,福井県,3,54,2,139220,3
2023-12-21,岐阜県,1,1,1,11500,1
2023-12-21,愛知県,3,6,3,367100,3
2023-12-21,三重県,1,2,1,50000,1
2023-12-21,滋賀県,3,6,3,162200,3
2023-12-21,京都府,1,2,1,46900,1
2023-12-21,大阪府,1,3,1,231300,1
2023-12-21,山口県,1,2,1,34200,1
2023-12-21,徳島県,2,3,2,138200,2
2023-12-21,香川県,2,5,2,130000,2
2023-12-21,愛媛県,1,2,1,34200,1
2023-12-21,不明,46,191,29,7511862,43
2023-12-22,福島県,1,2,1,92700,1
2023-12-22,茨城県,1,1,1,54600,1
2023-12-22,栃木県,1,2,1,66300,1
2023-12-22,東京都,1,2,1,66300,1
2023-12-22,神奈川県,2,4,2,121900,2
2023-12-22,富山県,2,6,2,226700,2
2023-12-22,石川県,1,3,1,106050,1
2023-12-22,福井県,11,268,59,2841160,11
2023-12-22,岐阜県,1,2,1,52000,1
2023-12-22,静岡県,2,2,1,129800,1
2023-12-22,愛知県,5,8,4,317200,4
2023-12-22,滋賀県,1,4,1,137000,1
2023-12-22,京都府,2,7,2,173150,2
2023-12-22,大阪府,13,51,18,1207140,9
2023-12-22,兵庫県,11,94,34,1943950,11
2023-12-22,和歌山県,2,5,2,281150,2
2023-12-22,鳥取県,1,2,1,83900,1
2023-12-22,香川県,1,2,1,68000,1
2023-12-22,愛媛県,1,2,1,62000,1
2023-12-22,不明,78,382,54,11469966,75
2023-12-23,東京都,5,10,5,340300,5
2023-12-23,神奈川県,1,2,1,42470,1
2023-12-23,富山県,3,6,3,227500,3
2023-12-23,石川県,4,11,4,307020,4
2023-12-23,福井県,24,421,65,2579975,22
2023-12-23,長野県,1,2,1,59700,1
2023-12-23,岐阜県,1,2,1,70700,1
2023-12-23,静岡県,3,11,3,498480,3
2023-12-23,愛知県,6,14,6,474800,6
2023-12-23,滋賀県,3,10,3,322330,3
2023-12-23,京都府,5,19,5,781050,5
2023-12-23,大阪府,5,14,5,823350,5
2023-12-23,兵庫県,4,38,10,1018660,4
2023-12-23,奈良県,6,21,7,974220,6
2023-12-23,和歌山県,2,6,2,182850,2
2023-12-23,鳥取県,1,5,1,113400,1
2023-12-23,岡山県,5,15,7,793900,5
2023-12-23,広島県,1,4,1,85220,1
2023-12-23,徳島県,2,6,2,258000,2
2023-12-23,香川県,4,11,4,483000,4
2023-12-23,愛媛県,5,10,5,666200,3
2023-12-23,不明,140,510,102,17134863,140
2023-12-24,福島県,1,3,1,71580,1
2023-12-24,千葉県,5,11,5,341030,5
2023-12-24,東京都,3,5,2,113020,3
2023-12-24,神奈川県,1,2,1,55600,1
2023-12-24,富山県,2,7,2,235970,2
2023-12-24,石川県,3,8,3,262850,3
2023-12-24,福井県,8,29,9,879760,8
2023-12-24,山梨県,1,4,1,94060,1
2023-12-24,長野県,4,4,2,214000,2
2023-12-24,岐阜県,1,2,1,55300,1
2023-12-24,静岡県,1,3,1,150000,1
2023-12-24,愛知県,9,30,9,965910,9
2023-12-24,三重県,1,2,1,66300,1
2023-12-24,滋賀県,4,7,3,244690,3
2023-12-24,京都府,3,12,3,242670,3
2023-12-24,大阪府,4,11,4,432130,4
2023-12-24,兵庫県,6,23,8,576610,6
2023-12-24,和歌山県,2,8,4,256400,2
2023-12-24,岡山県,1,2,1,58000,1
2023-12-24,徳島県,1,5,1,121500,1
2023-12-24,香川県,1,7,2,208000,1
2023-12-24,愛媛県,1,2,1,58000,1
2023-12-24,高知県,1,3,1,96150,1
2023-12-24,福岡県,3,6,3,258300,3
2023-12-24,熊本県,2,4,2,164000,2
2023-12-24,不明,136,377,79,10054428,123
2023-12-25,福島県,1,3,1,101280,1
2023-12-25,埼玉県,1,4,1,86660,1
2023-12-25,千葉県,3,6,3,394700,3
2023-12-25,東京都,1,3,1,47950,1
2023-12-25,石川県,2,15,7,284320,2
2023-12-25,福井県,10,51,15,1258353,10
2023-12-25,山梨県,1,2,1,72900,1
2023-12-25,岐阜県,2,10,4,301500,2
2023-12-25,静岡県,1,2,1,54500,1
2023-12-25,愛知県,11,31,15,1012345,9
2023-12-25,三重県,1,2,1,61900,1
2023-12-25,滋賀県,3,6,3,171280,3
2023-12-25,京都府,2,4,2,121270,2
2023-12-25,大阪府,7,15,5,351740,5
2023-12-25,兵庫県,5,10,5,338400,5
2023-12-25,奈良県,2,4,2,181000,2
2023-12-25,岡山県,1,2,1,51780,1
2023-12-25,山口県,1,6,2,145000,1
2023-12-25,徳島県,1,2,1,82000,1
2023-12-25,香川県,2,5,2,196000,2
2023-12-25,愛媛県,1,2,1,45000,1
2023-12-25,不明,82,257,42,6022820,66
2023-12-26,秋田県,1,14,3,306210,1
2023-12-26,埼玉県,1,2,1,80000,1
2023-12-26,千葉県,1,2,1,83900,1
2023-12-26,東京都,7,11,5,430650,5
2023-12-26,神奈川県,1,2,1,83900,1
2023-12-26,福井県,10,57,15,1626630,10
2023-12-26,岐阜県,1,2,1,97100,1
2023-12-26,静岡県,1,3,1,65640,1
2023-12-26,愛知県,5,15,5,375630,5
2023-12-26,三重県,3,10,3,281336,3
2023-12-26,滋賀県,2,8,2,222000,2
2023-12-26,京都府,11,33,10,1122280,9
2023-12-26,大阪府,7,24,7,646790,7
2023-12-26,兵庫県,4,23,7,563100,4
2023-12-26,奈良県,3,12,3,407448,3
2023-12-26,和歌山県,2,9,2,336840,2
2023-12-26,鳥取県,1,2,1,50400,1
2023-12-26,広島県,9,6,3,548700,3
2023-12-26,徳島県,3,4,2,123400,2
2023-12-26,香川県,4,15,4,554000,4
2023-12-26,愛媛県,2,7,2,205000,2
2023-12-26,福岡県,1,2,1,77300,1
2023-12-26,不明,117,363,70,8683053,103
2023-12-27,茨城県,1,2,1,42100,1
2023-12-27,埼玉県,2,2,1,80000,1
2023-12-27,東京都,6,18,6,879200,6
2023-12-27,神奈川県,2,5,2,161950,2
2023-12-27,富山県,1,4,1,94060,1
2023-12-27,石川県,3,6,3,190340,3
2023-12-27,福井県,6,197,38,3535120,6
2023-12-27,長野県,3,9,3,248770,3
2023-12-27,岐阜県,3,12,3,269350,3
2023-12-27,静岡県,1,2,1,59400,1
2023-12-27,愛知県,4,18,6,468360,4
2023-12-27,三重県,3,6,3,197400,3
2023-12-27,滋賀県,4,16,4,384930,4
2023-12-27,京都府,3,13,5,419280,3
2023-12-27,大阪府,9,26,7,459040,7
2023-12-27,兵庫県,7,105,22,1853160,7
2023-12-27,奈良県,2,7,2,202270,2
2023-12-27,和歌山県,3,7,2,356510,2
2023-12-27,島根県,1,2,1,60000,1
2023-12-27,徳島県,1,4,1,130600,1
2023-12-27,香川県,1,2,1,41400,1
2023-12-27,愛媛県,6,14,5,424000,5
2023-12-27,高知県,2,5,2,206150,2
2023-12-27,沖縄県,1,6,1,243190,1
2023-12-27,不明,125,340,68,9106401,115
2023-12-28,千葉県,1,2,1,88300,1
2023-12-28,東京都,7,24,8,869050,7
2023-12-28,神奈川県,1,5,1,134610,1
2023-12-28,新潟県,1,2,1,56700,1
2023-12-28,富山県,2,7,2,230210,2
2023-12-28,石川県,4,12,4,421460,4
2023-12-28,福井県,15,276,58,7094800,15
2023-12-28,静岡県,5,17,5,559530,5
2023-12-28,愛知県,8,21,8,645350,8
2023-12-28,三重県,3,5,2,221350,2
2023-12-28,大阪府,12,76,19,2338005,12
2023-12-28,兵庫県,14,246,56,5568560,14
2023-12-28,奈良県,2,9,2,279200,2
2023-12-28,和歌山県,2,6,2,238500,2
2023-12-28,鳥取県,1,2,1,114000,1
2023-12-28,島根県,1,4,1,132600,1
2023-12-28,岡山県,1,7,2,234000,1
2023-12-28,山口県,1,6,2,364000,1
2023-12-28,徳島県,2,11,3,383000,2
2023-12-28,香川県,3,9,3,349000,3
2023-12-28,愛媛県,1,3,1,112500,1
2023-12-28,熊本県,1,2,1,84000,1
2023-12-28,不明,141,538,67,16987040,127
2023-12-29,北海道,1,1,1,62850,1
2023-12-29,福島県,1,5,1,233250,1
2023-12-29,埼玉県,2,5,2,170650,2
2023-12-29,千葉県,3,9,3,386250,3
2023-12-29,東京都,6,14,6,660550,6
2023-12-29,神奈川県,7,20,5,924120,5
2023-12-29,新潟県,1,4,1,159180,1
2023-12-29,石川県,4,8,4,380100,4
2023-12-29,福井県,17,388,75,9927890,17
2023-12-29,山梨県,1,2,1,94900,1
2023-12-29,長野県,1,2,1,90500,1
2023-12-29,岐阜県,2,7,2,192050,2
2023-12-29,静岡県,4,10,4,564380,3
2023-12-29,愛知県,6,25,9,939750,6
2023-12-29,三重県,3,8,3,387300,3
2023-12-29,滋賀県,3,13,3,535450,3
2023-12-29,京都府,10,23,6,850660,6
2023-12-29,大阪府,17,52,17,1955530,17
2023-12-29,兵庫県,9,226,63,5672300,9
2023-12-29,奈良県,9,17,5,805440,5
2023-12-29,和歌山県,8,10,4,548000,4
2023-12-29,鳥取県,1,4,1,112000,1
2023-12-29,島根県,1,3,1,183000,1
2023-12-29,岡山県,4,12,5,470000,4
2023-12-29,広島県,1,3,1,126000,1
2023-12-29,山口県,2,8,3,340000,2
2023-12-29,香川県,9,25,9,947200,9
2023-12-29,愛媛県,1,3,1,142500,1
2023-12-29,高知県,1,4,1,172000,1
2023-12-29,宮崎県,1,2,1,70000,1
2023-12-29,鹿児島県,1,6,2,297000,1
2023-12-29,不明,184,707,78,20357165,168
2023-12-30,埼玉県,2,8,3,331200,2
2023-12-30,千葉県,1,2,1,83900,1
2023-12-30,東京都,16,36,16,1752790,14
2023-12-30,富山県,8,27,9,1174650,7
2023-12-30,石川県,2,7,2,372250,2
2023-12-30,福井県,22,126,31,5129700,22
2023-12-30,岐阜県,2,9,2,469280,2
2023-12-30,静岡県,2,5,2,195950,2
2023-12-30,愛知県,12,36,11,1767815,10
2023-12-30,三重県,5,23,7,919890,5
2023-12-30,滋賀県,3,11,3,475000,3
2023-12-30,京都府,5,16,5,656820,5
2023-12-30,大阪府,4,9,5,443350,4
2023-12-30,兵庫県,18,83,27,2862959,18
2023-12-30,奈良県,9,23,7,1183540,7
2023-12-30,和歌山県,6,12,5,753410,4
2023-12-30,鳥取県,4,10,4,519200,4
2023-12-30,島根県,1,4,1,132000,1
2023-12-30,岡山県,3,7,2,227500,2
2023-12-30,広島県,2,5,2,227050,2
2023-12-30,山口県,2,6,3,318000,2
2023-12-30,徳島県,3,13,4,581350,3
2023-12-30,愛媛県,1,6,2,250000,1
2023-12-30,高知県,2,5,2,170000,2
2023-12-30,大分県,2,6,2,306000,2
2023-12-30,鹿児島県,1,6,2,153636,1
2023-12-30,不明,239,643,126,17850804,211
2023-12-31,福島県,3,7,2,638300,2
2023-12-31,埼玉県,1,4,1,194200,1
2023-12-31,千葉県,1,2,1,121900,1
2023-12-31,東京都,15,52,13,2179660,11
2023-12-31,神奈川県,9,12,3,627460,3
2023-12-31,富山県,5,21,6,799460,5
2023-12-31,石川県,2,7,2,297350,2
2023-12-31,福井県,43,197,55,7337110,31
2023-12-31,岐阜県,13,25,7,1117300,7
2023-12-31,愛知県,14,34,10,1334950,10
2023-12-31,三重県,9,22,9,1113650,7
2023-12-31,滋賀県,18,30,12,1557910,11
2023-12-31,京都府,18,36,12,1581860,12
2023-12-31,大阪府,18,67,21,2713680,14
2023-12-31,兵庫県,15,62,18,2205341,14
2023-12-31,奈良県,9,37,11,2279800,7
2023-12-31,和歌山県,2,4,1,528000,1
2023-12-31,鳥取県,3,15,5,655000,3
2023-12-31,岡山県,4,13,4,466000,4
2023-12-31,広島県,2,8,2,356000,2
2023-12-31,山口県,4,12,4,593000,3
2023-12-31,徳島県,9,35,10,1139800,8
2023-12-31,香川県,26,109,33,4055300,26
2023-12-31,愛媛県,4,10,4,448000,3
2023-12-31,高知県,4,5,2,191000,2
2023-12-31,大分県,4,8,4,780000,2
2023-12-31,鹿児島県,1,6,1,258000,1
2023-12-31,不明,226,634,116,19972765,182
2024-01-01,千葉県,1,3,1,142350,1
2024-01-01,東京都,23,49,15,2230260,15
2024-01-01,神奈川県,1,2,1,121900,1
2024-01-01,富山県,1,4,2,146800,1
2024-01-01,石川県,2,15,3,595270,2
2024-01-01,福井県,17,86,25,3312660,17
2024-01-01,山梨県,2,5,2,185900,2
2024-01-01,岐阜県,3,9,2,315897,2
2024-01-01,静岡県,3,7,3,413750,2
2024-01-01,愛知県,3,26,6,1217030,3
2024-01-01,三重県,5,10,4,572950,4
2024-01-01,滋賀県,5,18,6,638700,3
2024-01-01,京都府,2,7,2,243900,2
2024-01-01,大阪府,17,86,21,3261330,15
2024-01-01,兵庫県,14,120,32,4182770,13
2024-01-01,奈良県,7,16,6,781280,6
2024-01-01,和歌山県,1,2,1,132000,1
2024-01-01,鳥取県,6,14,5,636230,4
2024-01-01,島根県,1,2,1,90000,1
2024-01-01,岡山県,5,11,3,413000,3
2024-01-01,広島県,2,4,1,192000,1
2024-01-01,山口県,2,6,2,324000,1
2024-01-01,徳島県,12,31,9,969300,8
2024-01-01,香川県,45,117,39,4449070,30
2024-01-01,愛媛県,2,2,1,72000,1
2024-01-01,高知県,9,28,8,990560,7
2024-01-01,鹿児島県,2,6,1,258000,1
2024-01-01,不明,197,546,90,17732420,156
2024-01-02,秋田県,1,2,1,110300,1
2024-01-02,福島県,4,4,2,236000,2
2024-01-02,東京都,10,26,9,1689130,8
2024-01-02,神奈川県,2,4,2,226000,2
2024-01-02,富山県,7,16,5,677800,5
2024-01-02,石川県,13,43,12,1632383,11
2024-01-02,福井県,30,141,35,4948920,28
2024-01-02,岐阜県,5,17,5,553650,5
2024-01-02,静岡県,3,10,3,413400,3
2024-01-02,愛知県,15,46,17,1749460,14
2024-01-02,滋賀県,1,5,1,232350,1
2024-01-02,京都府,6,28,9,1080040,6
2024-01-02,大阪府,19,99,29,3391630,17
2024-01-02,兵庫県,11,57,17,2060700,10
2024-01-02,奈良県,9,32,10,1500850,9
2024-01-02,鳥取県,2,15,4,483000,2
2024-01-02,岡山県,6,28,9,1048000,6
2024-01-02,広島県,1,6,2,366000,1
2024-01-02,山口県,4,18,5,726000,4
2024-01-02,徳島県,8,16,6,564000,6
2024-01-02,香川県,15,43,13,1617818,12
2024-01-02,愛媛県,5,20,7,743400,5
2024-01-02,高知県,2,7,2,194500,1
2024-01-02,大分県,1,2,1,76000,1
2024-01-02,不明,205,651,127,19043618,181
2024-01-03,福島県,2,4,2,149000,2
2024-01-03,群馬県,1,4,1,185400,1
2024-01-03,千葉県,2,8,2,204400,2
2024-01-03,東京都,7,25,8,1001810,7
2024-01-03,神奈川県,1,2,1,59700,1
2024-01-03,富山県,8,45,11,1333000,8
2024-01-03,石川県,4,9,4,376850,4
2024-01-03,福井県,18,71,24,2611325,16
2024-01-03,岐阜県,5,13,5,410550,5
2024-01-03,静岡県,3,6,3,252300,3
2024-01-03,愛知県,7,22,7,668540,7
2024-01-03,三重県,1,2,1,70700,1
2024-01-03,滋賀県,8,36,10,1088150,8
2024-01-03,京都府,7,29,7,881540,7
2024-01-03,大阪府,5,18,5,588120,5
2024-01-03,兵庫県,16,29,10,1204550,10
2024-01-03,奈良県,14,53,13,2117870,13
2024-01-03,和歌山県,2,6,2,187000,2
2024-01-03,鳥取県,1,2,1,114000,1
2024-01-03,島根県,2,6,2,244500,2
2024-01-03,岡山県,5,19,6,708660,5
2024-01-03,広島県,1,2,1,82000,1
2024-01-03,山口県,3,10,3,337000,2
2024-01-03,徳島県,4,6,3,242000,3
2024-01-03,香川県,8,19,8,782818,6
2024-01-03,高知県,2,8,3,302300,2
2024-01-03,宮崎県,1,2,1,114000,1
2024-01-03,沖縄県,1,2,1,66000,1
2024-01-03,不明,194,556,126,16928449,182
2024-01-04,群馬県,1,4,1,70523,1
2024-01-04,埼玉県,1,2,1,50900,1
2024-01-04,千葉県,1,4,2,123800,1
2024-01-04,東京都,12,20,6,675100,6
2024-01-04,神奈川県,2,4,2,167800,2
2024-01-04,富山県,3,10,3,280900,3
2024-01-04,石川県,8,29,8,880933,8
2024-01-04,福井県,10,47,12,1162491,10
2024-01-04,長野県,1,2,1,72900,1
2024-01-04,岐阜県,1,4,1,93000,1
2024-01-04,静岡県,10,22,8,774062,8
2024-01-04,愛知県,13,28,9,978871,9
2024-01-04,三重県,2,4,2,119400,2
2024-01-04,滋賀県,7,25,7,777880,7
2024-01-04,京都府,5,14,5,440501,5
2024-01-04,大阪府,10,34,10,1094255,10
2024-01-04,兵庫県,13,21,6,1312980,6
2024-01-04,奈良県,4,13,4,277500,4
2024-01-04,岡山県,1,2,1,74000,1
2024-01-04,広島県,1,4,1,100000,1
2024-01-04,山口県,1,2,1,72000,1
2024-01-04,徳島県,1,4,1,152000,1
2024-01-04,香川県,2,4,2,123091,2
2024-01-04,愛媛県,2,5,2,207000,2
2024-01-04,不明,153,456,63,12098170,136
2024-01-05,北海道,1,5,1,105250,1
2024-01-05,宮城県,1,2,1,180700,1
2024-01-05,茨城県,1,4,1,146160,1
2024-01-05,東京都,6,20,6,523730,6
2024-01-05,神奈川県,3,7,3,229850,3
2024-01-05,新潟県,1,2,1,56730,1
2024-01-05,富山県,1,5,1,127500,1
2024-01-05,福井県,9,69,16,1690540,9
2024-01-05,岐阜県,1,2,1,83900,1
2024-01-05,静岡県,1,4,1,106800,1
2024-01-05,愛知県,3,10,3,321560,3
2024-01-05,三重県,2,4,2,128200,2
2024-01-05,滋賀県,1,4,1,195810,1
2024-01-05,京都府,2,4,2,147264,2
2024-01-05,大阪府,4,15,4,330250,4
2024-01-05,兵庫県,6,11,4,480000,4
2024-01-05,奈良県,7,25,7,797980,7
2024-01-05,和歌山県,2,4,2,122000,2
2024-01-05,鳥取県,1,2,1,114000,1
2024-01-05,島根県,2,8,2,264000,2
2024-01-05,岡山県,1,2,1,68000,1
2024-01-05,徳島県,1,2,1,84000,1
2024-01-05,香川県,3,18,4,664900,3
2024-01-05,高知県,1,3,1,96150,1
2024-01-05,不明,98,240,37,6381018,87
2024-01-06,埼玉県,1,2,1,224700,1
2024-01-06,千葉県,1,4,1,88300,1
2024-01-06,東京都,20,48,20,2798560,17
2024-01-06,神奈川県,2,10,3,311100,2
2024-01-06,富山県,5,19,9,712470,5
2024-01-06,石川県,2,5,2,148000,2
2024-01-06,福井県,10,57,14,1955700,10
2024-01-06,長野県,1,2,1,70000,1
2024-01-06,岐阜県,4,4,2,159000,2
2024-01-06,静岡県,8,19,8,882100,7
2024-01-06,愛知県,12,40,16,1342570,12
2024-01-06,三重県,1,2,1,66000,1
2024-01-06,滋賀県,1,4,1,127500,1
2024-01-06,京都府,3,4,2,132950,2
2024-01-06,大阪府,12,37,14,1306320,12
2024-01-06,兵庫県,3,12,4,423700,3
2024-01-06,奈良県,7,32,9,1198320,7
2024-01-06,岡山県,1,2,1,76000,1
2024-01-06,香川県,1,2,1,60000,1
2024-01-06,愛媛県,3,17,5,624600,3
2024-01-06,熊本県,1,4,1,110600,1
2024-01-06,不明,141,354,102,13245960,129
2024-01-07,北海道,1,5,1,101650,1
2024-01-07,宮城県,1,2,1,213700,1
2024-01-07,群馬県,1,2,1,55300,1
2024-01-07,埼玉県,1,3,1,152250,1
2024-01-07,千葉県,1,3,1,95340,1
2024-01-07,東京都,6,15,6,838800,5
2024-01-07,神奈川県,2,5,2,244950,2
2024-01-07,富山県,3,11,3,334280,3
2024-01-07,石川県,2,5,2,157900,2
2024-01-07,福井県,13,188,13,3461320,14
2024-01-07,山梨県,1,4,1,310500,1
2024-01-07,岐阜県,5,15,5,552500,5
2024-01-07,静岡県,4,9,3,417900,3
2024-01-07,愛知県,3,9,3,278320,3
2024-01-07,三重県,1,3,1,92700,1
2024-01-07,滋賀県,2,8,2,262570,2
2024-01-07,京都府,3,7,3,218850,3
2024-01-07,大阪府,14,45,14,1429970,14
2024-01-07,兵庫県,6,42,12,871190,6
2024-01-07,奈良県,3,11,3,465250,3
2024-01-07,和歌山県,1,2,1,83900,1
2024-01-07,鳥取県,2,32,7,724000,2
2024-01-07,岡山県,1,4,1,86320,1
2024-01-07,徳島県,1,2,1,200500,1
2024-01-07,香川県,1,2,1,88200,1
2024-01-07,愛媛県,5,27,8,1038200,4
2024-01-07,鹿児島県,1,2,1,80000,1
2024-01-07,不明,103,239,58,9832319,92
2024-01-08,埼玉県,1,3,1,300750,1
2024-01-08,東京都,1,5,1,98830,1
2024-01-08,石川県,2,21,12,471530,2
2024-01-08,福井県,3,10,5,329700,3
2024-01-08,岐阜県,1,2,1,44190,1
2024-01-08,愛知県,2,4,2,101140,2
2024-01-08,滋賀県,5,12,5,321200,5
2024-01-08,京都府,1,2,1,46500,1
2024-01-08,大阪府,1,5,1,132750,1
2024-01-08,兵庫県,1,32,7,512000,1
2024-01-08,和歌山県,1,5,1,269600,1
2024-01-08,山口県,1,2,1,60000,1
2024-01-08,不明,18,45,9,2277213,16
2024-01-09,奈良県,1,2,1,99300,1
2024-01-09,不明,4,12,4,1241600,4
2024-01-10,不明,13,24,6,2168600,9
2024-01-11,石川県,1,3,1,101500,1
2024-01-11,福井県,1,9,5,347850,1
2024-01-11,兵庫県,1,1,1,12150,1
2024-01-11,岡山県,1,2,1,66000,1
2024-01-11,不明,3,10,1,921400,3
2024-01-12,北海道,3,9,3,242940,3
2024-01-12,東京都,2,4,2,104000,2
2024-01-12,福井県,5,213,26,300150,5
2024-01-12,長野県,1,2,1,215900,1
2024-01-12,滋賀県,1,5,1,171890,1
2024-01-12,京都府,1,3,1,96150,1
2024-01-12,大阪府,1,4,1,154600,1
2024-01-12,岡山県,1,2,1,58000,1
2024-01-12,香川県,1,2,1,74000,1
2024-01-12,不明,28,152,17,4748700,22
2024-01-13,富山県,2,9,1,178040,2
2024-01-13,石川県,1,2,1,116900,1
2024-01-13,福井県,7,260,53,6237850,7
2024-01-13,山梨県,1,2,1,76500,1
2024-01-13,岐阜県,2,8,2,261450,2
2024-01-13,静岡県,3,8,3,292650,3
2024-01-13,愛知県,1,123,1,1608000,2
2024-01-13,滋賀県,3,7,3,303050,3
2024-01-13,京都府,3,11,4,374690,3
2024-01-13,大阪府,4,9,3,533600,4
2024-01-13,兵庫県,2,8,3,137600,2
2024-01-13,奈良県,5,16,5,604000,5
2024-01-13,鳥取県,1,2,1,104000,1
2024-01-13,岡山県,1,4,1,108000,1
2024-01-13,広島県,1,2,1,176300,1
2024-01-13,徳島県,2,7,2,253000,2
2024-01-13,香川県,1,2,1,94000,1
2024-01-13,愛媛県,1,2,1,84000,1
2024-01-13,不明,49,214,25,6572161,46
2024-01-14,北海道,1,3,1,80600,1
2024-01-14,東京都,2,2,1,145800,1
2024-01-14,福井県,2,16,7,406600,2
2024-01-14,静岡県,2,4,2,295000,2
2024-01-14,愛知県,4,9,4,305150,4
2024-01-14,大阪府,1,2,1,193900,1
2024-01-14,兵庫県,2,8,2,222500,2
2024-01-14,岡山県,2,7,2,201000,2
2024-01-14,山口県,2,3,2,103300,2
2024-01-14,香川県,1,2,1,58000,1
2024-01-14,不明,48,195,21,4631130,33
2024-01-15,東京都,1,2,1,182900,1
2024-01-15,石川県,1,4,1,79500,1
2024-01-15,岐阜県,1,2,1,79500,1
2024-01-15,静岡県,1,2,1,55700,1
2024-01-15,愛知県,6,10,4,181250,4
2024-01-15,滋賀県,3,6,3,203470,3
2024-01-15,大阪府,2,19,10,1835450,2
2024-01-15,兵庫県,1,3,1,59400,1
2024-01-15,鳥取県,1,2,1,41400,1
2024-01-15,広島県,1,2,1,44000,1
2024-01-15,香川県,1,2,1,140000,1
2024-01-15,不明,21,180,51,3851340,16
2024-01-16,神奈川県,1,3,1,247950,1
2024-01-16,福井県,1,3,1,66450,1
2024-01-16,長野県,1,2,1,57500,1
2024-01-16,愛知県,2,5,2,79956,2
2024-01-16,兵庫県,1,7,1,189000,1
2024-01-16,鳥取県,1,8,2,256000,1
2024-01-16,島根県,1,2,1,112000,1
2024-01-16,香川県,2,5,2,245650,2
2024-01-16,大分県,1,2,1,72000,1
2024-01-16,不明,38,119,21,2994670,27
2024-01-17,石川県,1,2,1,52300,1
2024-01-17,三重県,1,2,1,100000,1
2024-01-17,大阪府,1,3,1,310650,1
2024-01-17,奈良県,1,3,1,60450,1
2024-01-17,不明,17,25,7,1245940,12
2024-01-18,石川県,1,2,1,44190,1
2024-01-18,福井県,2,65,13,1418000,2
2024-01-18,愛知県,1,2,1,56000,1
2024-01-18,愛媛県,2,5,2,119600,2
2024-01-18,高知県,1,2,1,54000,1
2024-01-18,不明,24,116,10,2861200,20
2024-01-19,神奈川県,1,1,1,54600,1
2024-01-19,富山県,1,3,1,79650,1
2024-01-19,福井県,5,34,7,666950,4
2024-01-19,静岡県,2,5,2,327450,2
2024-01-19,愛知県,1,4,1,79280,1
2024-01-19,三重県,1,4,1,53100,1
2024-01-19,京都府,1,2,1,92000,1
2024-01-19,大阪府,2,6,2,390300,2
2024-01-19,兵庫県,1,45,10,710400,1
2024-01-19,和歌山県,1,3,1,87000,1
2024-01-19,岡山県,1,2,1,54000,1
2024-01-19,不明,22,179,9,3537893,22
2024-01-20,福島県,1,2,1,94900,1
2024-01-20,東京都,4,12,4,723400,4
2024-01-20,石川県,3,27,7,751000,3
2024-01-20,福井県,7,85,18,2239240,7
2024-01-20,岐阜県,1,4,1,127500,1
2024-01-20,静岡県,1,2,1,88300,1
2024-01-20,愛知県,1,2,1,88300,1
2024-01-20,滋賀県,2,11,2,433400,2
2024-01-20,京都府,2,4,2,170000,2
2024-01-20,大阪府,2,12,4,588100,2
2024-01-20,兵庫県,5,144,34,3496050,5
2024-01-20,奈良県,2,8,3,358550,2
2024-01-20,和歌山県,1,4,1,159180,1
2024-01-20,島根県,1,2,1,94900,1
2024-01-20,広島県,1,2,1,76000,1
2024-01-20,香川県,2,10,4,289680,2
2024-01-20,愛媛県,1,10,3,434000,1
2024-01-20,不明,81,295,56,9504983,80
2024-01-21,山形県,1,3,1,141250,1
2024-01-21,石川県,1,2,1,48700,1
2024-01-21,福井県,8,75,19,1608230,6
2024-01-21,静岡県,1,3,1,224550,1
2024-01-21,愛知県,1,3,1,128160,1
2024-01-21,京都府,1,5,1,116680,1
2024-01-21,奈良県,1,2,1,52800,1
2024-01-21,徳島県,1,5,2,290000,1
2024-01-21,香川県,1,2,1,54000,1
2024-01-21,熊本県,1,6,1,164500,1
2024-01-21,不明,40,191,24,4849060,35
2024-01-22,北海道,2,2,1,264600,1
2024-01-22,東京都,4,24,11,817790,3
2024-01-22,福井県,4,16,7,545940,4
2024-01-22,岐阜県,1,2,1,27000,1
2024-01-22,静岡県,5,6,3,188380,3
2024-01-22,愛知県,2,16,8,1203490,2
2024-01-22,滋賀県,1,2,1,68500,1
2024-01-22,和歌山県,1,2,1,51480,1
2024-01-22,不明,16,207,16,3289850,11
2024-01-23,群馬県,1,2,1,73450,1
2024-01-23,神奈川県,1,2,1,72900,1
2024-01-23,石川県,2,4,2,143600,2
2024-01-23,愛知県,1,2,1,62000,1
2024-01-23,不明,20,137,26,2595060,17
2024-01-24,東京都,1,2,1,92700,1
2024-01-24,福井県,1,300,44,4800000,1
2024-01-24,愛知県,1,5,1,95550,1
2024-01-24,徳島県,1,3,1,81000,1
2024-01-24,高知県,1,18,5,432000,1
2024-01-24,不明,19,64,11,1802149,17
2024-01-25,神奈川県,1,4,1,88600,1
2024-01-25,福井県,1,4,1,84200,1
2024-01-25,岐阜県,1,4,1,176600,1
2024-01-25,愛知県,1,2,1,54640,1
2024-01-25,兵庫県,2,7,2,170450,2
2024-01-25,福岡県,1,2,1,149900,1
2024-01-25,不明,34,155,16,3961110,25
2024-01-26,東京都,3,8,3,505000,3
2024-01-26,石川県,1,2,1,48700,1
2024-01-26,福井県,2,45,7,908100,2
2024-01-26,岐阜県,2,4,2,123800,2
2024-01-26,静岡県,2,4,2,299300,2
2024-01-26,愛知県,2,6,3,165400,2
2024-01-26,京都府,1,2,2,55300,1
2024-01-26,大阪府,2,4,2,137100,2
2024-01-26,兵庫県,3,10,3,451320,3
2024-01-26,不明,47,318,26,5256630,38
2024-01-27,埼玉県,1,5,2,210850,1
2024-01-27,千葉県,1,2,1,116900,1
2024-01-27,東京都,3,7,3,413550,3
2024-01-27,神奈川県,1,1,1,62850,1
2024-01-27,富山県,1,7,2,188450,1
2024-01-27,石川県,1,2,1,88300,1
2024-01-27,福井県,4,45,11,1238050,4
2024-01-27,愛知県,4,21,5,541937,4
2024-01-27,京都府,1,2,1,198300,1
2024-01-27,大阪府,3,44,10,953400,3
2024-01-27,兵庫県,3,17,16,369700,3
2024-01-27,奈良県,2,5,2,249350,2
2024-01-27,和歌山県,2,15,5,396600,2
2024-01-27,徳島県,1,4,1,115500,1
2024-01-27,香川県,3,11,3,481000,3
2024-01-27,愛媛県,2,5,2,216600,2
2024-01-27,沖縄県,1,6,1,149100,1
2024-01-27,不明,67,230,39,10391060,59
2024-01-28,福井県,1,27,7,715750,1
2024-01-28,静岡県,1,2,1,72900,1
2024-01-28,愛知県,1,30,6,540000,1
2024-01-28,大阪府,2,5,2,327850,2
2024-01-28,兵庫県,2,70,19,1080000,2
2024-01-28,高知県,1,13,3,429000,1
2024-01-28,不明,34,155,20,3382260,31
2024-01-29,東京都,2,6,2,561900,2
2024-01-29,石川県,1,13,10,290150,1
2024-01-29,福井県,1,2,1,72900,1
2024-01-29,大阪府,1,2,1,51780,1
2024-01-29,兵庫県,2,6,2,121970,2
2024-01-29,香川県,1,1,1,39600,1
2024-01-29,不明,16,173,18,3278710,14
2024-01-30,東京都,1,3,1,86250,1
2024-01-30,福井県,1,6,1,110600,1
2024-01-30,静岡県,1,2,1,165300,1
2024-01-30,三重県,1,2,1,72900,1
2024-01-30,兵庫県,1,30,7,540000,1
2024-01-30,不明,10,81,4,1507960,9
2024-01-31,京都府,1,3,1,88230,1
2024-01-31,香川県,1,2,1,62000,1
2024-01-31,愛媛県,1,2,1,43200,1
2024-01-31,不明,19,44,17,2098381,17
2024-02-01,福井県,1,2,1,79500,1
2024-02-01,山梨県,1,2,1,54640,1
2024-02-01,滋賀県,1,42,9,1546300,1
2024-02-01,京都府,1,5,1,106050,1
2024-02-01,不明,8,50,4,1005957,6
2024-02-02,栃木県,2,4,2,115000,2
2024-02-02,東京都,2,7,2,258450,2
2024-02-02,福井県,7,29,9,575970,7
2024-02-02,静岡県,1,2,1,44300,1
2024-02-02,三重県,1,2,1,48370,1
2024-02-02,不明,33,205,33,5214112,31
2024-02-03,東京都,6,10,4,319250,4
2024-02-03,富山県,1,4,2,110600,1
2024-02-03,石川県,3,7,3,197800,3
2024-02-03,福井県,6,76,14,1605641,6
2024-02-03,岐阜県,1,4,1,86320,1
2024-02-03,愛知県,3,13,4,410050,3
2024-02-03,三重県,1,4,1,103040,1
2024-02-03,滋賀県,1,2,1,90500,1
2024-02-03,兵庫県,1,4,1,97112,1
2024-02-03,和歌山県,2,18,4,493300,2
2024-02-03,不明,37,134,29,3071532,38
2024-02-04,福井県,1,8,1,195860,1
2024-02-04,愛知県,1,2,1,44300,1
2024-02-04,奈良県,1,3,1,327520,1
2024-02-04,不明,16,38,5,952730,14
2024-02-05,東京都,1,3,2,95160,1
2024-02-05,神奈川県,1,1,1,113450,1
2024-02-05,大阪府,3,8,3,105290,3
2024-02-05,不明,21,159,12,3560120,18
2024-02-06,不明,11,94,7,2311440,8
2024-02-07,京都府,1,4,1,189800,1
2024-02-07,不明,6,16,7,825700,5
2024-02-08,大阪府,1,2,1,53100,1
2024-02-08,不明,12,80,24,1735450,10
